longitude,latitude
103.84661927383159,1.2792312094873002
103.80469379769634,1.2974865589089906
103.90854260132319,1.4145180096913892
103.8084289682175,1.2732499271477487
103.77633041443977,1.33923656638092
103.77521471399332,1.3407879159379656
103.9377763570609,1.3668484230579017
103.79803174152435,1.299651001320326
103.85499618356134,1.323064938171913
103.79141090894716,1.2759179745717486
103.8431616772891,1.276613670144106
103.69724185257508,1.3412641038830853
103.88580870625425,1.3082518466799975
103.81831119566189,1.2873075147506794
103.81835209769348,1.2878431730128634
103.90516945745766,1.4087476457286714
103.95547759902762,1.320350159875293
103.8227636322519,1.4482633636853246
103.84582428335005,1.2852950787883
103.90634383419179,1.3022965558595991
103.7770061037781,1.4434162431254685
103.85406019787618,1.323428186962711
103.94112527731751,1.3242008730218346
103.84474752510276,1.4249878627577708
103.8311890232012,1.2923422109888436
103.88710266901265,1.3278341461996204
103.8854388424852,1.3235797144355712
103.81865152419587,1.2773681323059345
103.844747227493,1.2803314273259558
103.83993416821488,1.2882310148481062
103.88390947410478,1.3023603479067136
103.85295698796516,1.3360207676183897
103.74207854445496,1.3554458319148786
103.87698146168532,1.3917019249885314
103.82182325630666,1.2855044556549065
103.84824216615792,1.36410720947631
103.85200350902804,1.3345507486923793
103.90425647876752,1.3203312605225548
103.8720137732096,1.3397910139953648
103.76108397650307,1.387194004486905
103.93479973740149,1.3072610657579828
103.81707271810343,1.2836613955382454
103.71280068056076,1.3452240653958958
103.85411577872539,1.3011020159948925
103.85000596089957,1.2839000647082708
103.88702413972793,1.3206463677515854
103.88605536814947,1.3590838409319475
103.86672494953132,1.3630850108080914
103.89013040811673,1.3540827392695727
103.76425074802,1.303810731977092
103.89558794497685,1.3151075206359577
103.85636164972811,1.3682477885076516
103.77080549454163,1.3143732849239704
103.82901814509523,1.3723194930318616
103.91419083989796,1.332772792382345
103.8369645086122,1.3520255700711772
103.74274811937117,1.3208310935185843
103.93057030470072,1.324782370224249
103.73170383842115,1.3454169827607771
103.88843734465244,1.3967931535173355
103.88293193010286,1.3753225375634037
103.82236354225992,1.2727612859808173
103.94040813551574,1.3531335979472119
103.72158379761716,1.3347210666007077
103.85023293507001,1.3161312806032646
103.93547363751794,1.3205008376701182
103.82901736490587,1.4308539599603998
103.86302092286022,1.31921667863285
103.85445795532793,1.3727720934379934
103.79773798037208,1.3005440753273743
103.85688878360739,1.307344109232522
103.93876843904202,1.3320048242420148
103.80072071145584,1.4397495181298368
103.85439575904685,1.3402610465757185
103.82601329649792,1.2800048011364626
103.80036727142618,1.3069001323584224
103.76451719252249,1.3133196935787612
103.89822788513564,1.316736349282815
103.8081312742836,1.2868829730421196
103.91573703509026,1.3057297360038187
103.83218154655142,1.2847855982150984
103.85528829790343,1.3626541076693122
103.80563670047233,1.3162405292821697
103.863877615715,1.303141753061011
103.74592160246587,1.3971847191918951
103.87000501449864,1.321463110363858
103.7184436782123,1.3496572915944292
103.80290387146337,1.2932362444197107
103.8400222235967,1.3671965379048148
103.9018254078894,1.3094178879625105
103.78823030670418,1.3109966321422568
103.83917606128082,1.3745277374668692
103.7591280191558,1.3119069571999333
103.7724915268977,1.3775974234205033
103.8273538919747,1.2888308915646167
103.8296234138997,1.2879705166198658
103.85700370906183,1.335382613078359
103.94462942285355,1.3453734735523084
103.83915227449918,1.366800962194856
103.84323851850745,1.2822749608841026
103.89272100789816,1.3829816322433666
103.87930985514092,1.3170350238501258
103.93321797031916,1.3270627418405785
103.83956972873328,1.3119155203922301
103.75975140548066,1.3118030896284905
103.92462131526736,1.3320672771423439
103.95157134251521,1.373472520364779
103.8406280871954,1.3809876170167132
103.81416592401631,1.3241598522323794
103.88401769942449,1.307343983274556
103.82853767194467,1.4314477516178066
103.73773841154456,1.3434881852952274
103.84257877119593,1.284858608203884
103.80761812956985,1.2733559939051546
103.7798818923625,1.4335431810333386
103.7927737690562,1.3081177997946856
103.86390933661885,1.305634336272546
103.84951344899093,1.3384746963913283
103.79487641992755,1.3110729744341822
103.98824524769368,1.3891516483342807
103.87162041651013,1.3150284150824152
103.93058152248236,1.3332199326945382
103.80790033728778,1.2738907675844822
103.84651030979788,1.3721725853422009
103.86652701707575,1.3642325250966993
103.8044926373283,1.2863059431906378
103.8505855697116,1.3061866381546818
103.84473272633905,1.3381035143692974
103.88505228554148,1.3265970669755378
