Attributes ADDRESSBLOCKHOUSENUMBER,ADDRESSBUILDINGNAME,postal_code,street_address,ADDRESSTYPE,DESCRIPTION,website,LANDXADDRESSPOINT,LANDYADDRESSPOINT,facility_name,PHOTOURL,ADDRESSFLOORNUMBER,INC_CRC,last_updated,ADDRESSUNITNUMBER,longitude,latitude
,,609791,201 Jurong East Avenue 1 Singapore,,,http://www.thongkheng.org.sg,0,0,Thong Kheng Welfare Services Society Blue Cross Thong Kheng Home Day Activity Centre,,,9DB40BF526AA207D,20121219111651,,103.728979102459,1.3495663654738
,,150051,Blk 51 Lengkok Bahru #01-281 Singapore,,,,0,0,Waterfalls Student Care Centre,,,FB176AA409518077,20121122110138,,103.812414123321,1.28747105263059
,,327725,16 Whampoa Drive Singapore,,,http://www.hwa.org.sg,0,0,Handicaps Welfare Association (Head Office),,,0893EE8A4172BAA2,20121122110138,,103.853915231198,1.32218289081372
,,168751,11 Third Hospital Avenue Singapore National Eye Centre Singapore,,,http://www.savh.org.sg,0,0,Singapore Association of the Visually Handicapped Satellite (SAVH Low Vision Clinic),,,C9058F227C0C5DDC,20121122110138,,103.836042399377,1.28089273470071
,,298104,47 Toa Payoh Rise Singapore,,,http://www.savh.org.sg,0,0,Singapore Association of the Visually Handicapped SAVH Low Vision Clinic,,,7D9C5539F2158F42,20121122110138,,103.839883024254,1.33831609948556
,,419494,20 Jalan Eunos Singapore,,,http://www.thkmc.org.sg,0,0,Thye Hua Kwan Moral Charities (THKMC) THK Home for Disabled @ Eunos,,,9F325CE419A49463,20121219111652,,103.905412045168,1.31903241395392
,,168955,2 Peng Nguan Street SPD Ability Centre Singapore,,,http://www.spd.org.sg,0,0,Society for the Physically Disabled (Peng Nguan Street) SPD Rehabilitation Centre,,,10CD984867C09CD4,20121122110139,,103.831105756194,1.28197433392447
,,520866,Blk 866 Tampines Street 83 #01-237 Singapore,,,http://www.spd.org.sg,0,0,Society for the Physically Disabled (Tampines) SPD@Tampines,,,5BA162E268AE46F5,20121122110139,,103.934460828957,1.35425002318785
,,519529,65 Pasir Ris Drive 1 Cerebral Palsy Centre Singapore,,,http://www.spastic.org.sg,0,0,Spastic Children's Association of Singapore,,,26ACBB42504F986C,20121122110139,,103.939412836889,1.37514156954505
,,419494,20 Jalan Eunos Singapore,,,http://www.thkmsc.org.sg,0,0,Thye Hua Kwan Moral Charities (THKMC) THK Home for Disabled @ Eunos,,,9F325CE4DB4EBBBD,20121219111652,,103.905412045168,1.31903241395392
,,670141,Blk 141 Petir Road #01-270 Singapore,,,http://www.thkms.org.sg,0,0,Thye Hua Kwan Moral Society (THKMS) Moral Student Care Centre (Bukit Panjang),,,47A0B5DA575DDD91,20121219111653,,103.76813569401,1.37587154742981
,,419494,20 Jalan Eunos Singapore,,,http://www.thkmc.org.sg,0,0,Thye Hua Kwan Moral Society Charities (THKMC) Moral Hostel for the Disabled THK Home for Disabled @ Eunos,,,9F325CE44EAC652D,20121219111653,,103.905412045168,1.31903241395392
,,169051,254 Outram Road Singapore,,,nof.ywca.org.sg,0,0,YWCA Child Development Centre (Outram),,,0193791F2F023280,20121219111654,,103.835560542656,1.28576539277067
,,397998,227 Mountbatten Road Singapore,,,http://www.ssd.edu.sg,0,0,Singapore School for the Deaf SSD Educational Audiology,,,CBECC49A31C0681A,20121219111649,,103.879886320646,1.30762025848808
,,579837,9 Bishan Place #06-04 Bishan Junction 8 Office Tower Singapore,,,http://www.downsyndrome-singapore.org,0,0,Down Syndrome Association,,,3EF20E9443C45D92,20121122110139,,103.84876080886,1.35048197875026
,,579837,9 Bishan Place #06-01 Junction 8 Singapore,,,http://www.mdas.org.sg,0,0,Muscular Dystrophy Association (Singapore),,,3EF20E941F439B46,20121122110139,,103.84876080886,1.35048197875026
,,169832,20 Delta Avenue Singapore,,,http://www.apsn.org.sg,0,0,Association For Persons With Special Needs (APSN) Delta Senior School,,,5FDE5A1E79328EBC,20121219111639,,103.829391486755,1.29166418297418
,,569739,5 Ang Mo Kio Avenue 10 Singapore,,,http://www.wecaneip.com,0,0,Autism Resource Centre WeCAN Early Intervention Programme,,,9182CEE5B07427A8,20121219111640,,103.854575322338,1.35968882568382
,,569739,5 Ang Mo Kio Avenue 10 Singapore,,,http://www.pathlight.org.sg,0,0,Autism Resource Centre (Singapore) Pathlight School,,,9182CEE5939EB988,20121219111640,,103.854575322338,1.35968882568382
,,569739,5 Ang Mo Kio Avenue 10,,,http://www.autism.org.sg,0,0,Autism Resource Centre (Singapore) Employability and Employment Centre,,,9182CEE56D952EAD,20121219111640,,103.854575322338,1.35968882568382
,,569739,5 Ang Mo Kio Avenue 10,,,http://www.autism.org.sg,0,0,Autism Resource Centre (Singapore) Employability and Employment Centre,,,9182CEE56D952EAD,20121219111640,,103.854575322338,1.35968882568382
,,387621,No. 1 Sallim Road Gate 3 Singapore,,,http://www.cch.org.sg,0,0,Canossaville Children's Home,,,A473EDFD289EA079,20121219111641,,103.881692272688,1.32651297521103
,,387621,No. 1 Sallim Road Singapore,,,http://www.cshi.com,0,0,Canossian School,,,A473EDFD4FFC7282,20121219111641,,103.881692272688,1.32651297521103
,,387621,1 Sallim Road Singapore,,,http://www.canossian.edu.sg,0,0,Canossian School Early Intervention Programme for Infants and Children,,,A473EDFDB292E4BE,20121219111641,,103.881692272688,1.32651297521103
,,397799,230 Stadium Boulevard Singapore,,,http://www.sdsc.org.sg,0,0,Singapore Disability Sports Council,,,0F9C3C0BAD7FE27E,20121122110129,,103.882268866482,1.30426365346041
,,469028,Blk 512 Chai Chee Lane #01-09 Bedok Industrial Estate Singapore,,,http://www.bizlink.org.sg,0,0,Bizlink Centre Singapore Ltd,,,90B37B78BDF21E31,20121122110129,,103.917619194101,1.32993829903548
,,168955,2 Peng Nguan Street SPD Ability Centre Singapore,,,http://www.spd.org.sg,0,0,Society for the Physically Disabled (Peng Nguan Street) Employment and Care Support Division (ECSD),,,10CD9848E8C9E54F,20121122110129,,103.831105756194,1.28197433392447
,,327725,16 Whampoa Drive Singapore,,,http://www.hwa.org.sg,0,0,Handicaps Welfare Association (Head Office),,,0893EE8A4172BAA2,20121122110129,,103.853915231198,1.32218289081372
,,648886,1 Jurong West Central 2 #04-03 Jurong Point Shopping Centre Singapore,,,http://www.hwa.org.sg,0,0,Handicaps Welfare Association (Jurong Branch),,,92BA1ED4BB6ECE5C,20121122110129,,103.706685012672,1.33945200425206
,,650267,Blk 267 Bukit Batok East Avene 4 #01-206 Singapore,,,http://www.sacs.org.sg,0,0,Singapore Anglican Community Services Community Rehabilitation and Support Service (Bukit Batok East),,,AF821B89CD7593F5,20121122110129,,103.76007533243,1.34869173301638
,,760707,Blk 707 Yishun Ave 5 #01-36 Singapore,,,http://www.sacs.org.sg,0,0,Singapore Anglican Community Services Community Rehabilitation and Support Service (Yishun),,,84288761310FE8D0,20121122110130,,103.827717290654,1.4289299547588
,,534194,20 Buangkok View Buangkok Green Medical Park Singapore,,,http://www.sacshcc.org.sg,0,0,Singapore Anglican Community Services Hougang Care Centre,,,2B656C15E6646FF1,20121122110130,,103.883504147053,1.38291629348143
,,168955,2 Peng Nguan Street SPD Ability Centre Singapore,,,http://www.spd.org.sg,0,0,Society for the Physically Disabled (Peng Nguan Street),,,10CD98481A06F558,20121122110130,,103.831105756194,1.28197433392447
,,168955,2 Peng Nguan Street SPD Ability Centre Singapore,,,http://www.spd.org.sg,0,0,Society for the Physically Disabled (Peng Nguan Street) Specialised Assistive Technology Centre,,,10CD98484189B2AC,20121122110130,,103.831105756194,1.28197433392447
,,140150,150A Mei Chin Road #02-01 Singapore,,,http://www.thkmc.org.sg,0,0,Thye Hua Kwan Moral Charities (THKMC) THK Therapy Services,,,57735BD1CE579880,20121122110130,,103.803820595583,1.29536889835833
,,579798,6 Bishan Street 13 Singapore,,,http://www.welcome.bishanhome.org.sg,0,0,Bishan Home for the Intellectually Disabled,,,94C04E8F591235A0,20121122110130,,103.855024628398,1.34759124293191
,,738580,2 Woodlands Street 31 Singapore,,,http://www.metta.org.sg,0,0,Metta Welfare Association Metta Home for the Disabled,,,78EF640731FC7CFC,20121122110130,,103.775665594615,1.42937863318425
,,547533,7 Lorong Napiri Singapore,,,http://www.minds.org.sg/MVH/index.html,0,0,Movement for the Intellectually Disabled of Singapore (MINDS) MINDSVille@Napiri - Home,,,5B0A43260ECACC4B,20121122110130,,103.878470820482,1.37201049307311
,,534194,20 Buangkok View Buangkok Green Medical Park Singapore,,,http://www.sacshcc.org.sg,0,0,Singapore Anglican Community Services Hougang Care Centre,,,2B656C15E6646FF1,20121122110130,,103.883504147053,1.38291629348143
,,556056,159 Serangoon Garden Way Singapore,,,http://www.cheshirehome.org.sg,0,0,Singapore Cheshire Home,,,7B2663F9EF9AE624,20121122110131,,103.861242810238,1.3658088840667
,,159052,No. 8 Lengkok Bahru #04-01 Family Link @ Lengkok Bahru Singapore,,,http://www.redcross.org.sg,0,0,Singapore Red Cross Society Red Cross Home for the Disabled,,,E34D6163A5961112,20121122110131,,103.811251369424,1.2864500139675
,,397998,227 Mountbatten Road Singapore,,,http://www.sadeaf.org.sg,0,0,The Singapore Association for the Deaf SADeaf Hearing Care Centre,,,CBECC49AD3067FBD,20121219111651,,103.879886320646,1.30762025848808
,,547531,9 Lorong Napiri Singapore,,,http://www.awwa.org.sg,0,0,Asian Women's Welfare Association (AWWA) AWWA SMILES,,,0845E21217845213,20121122110138,,103.878744070732,1.37273748346619
,,469717,300 Bedok North Avenue 3 Singapore,,,http://www.bccsc.org,0,0,Bethesda Sunshine Club Student Care Centre,,,0EE2ABC168563004,20121122110138,,103.934743786302,1.33121916322563
,,609791,201 Jurong East Avenue 1 Singapore,,,http://www.thongkheng.org.sg,0,0,Thong Kheng Welfare Services Society Blue Cross Thong Kheng Home,,,9DB40BF53CEA7821,20121219111651,,103.728979102459,1.3495663654738
,,600244,Blk 244 Jurong East Street 24 #01-593 Singapore,,,http://www.perdaus.org.sg,0,0,Perdaus Student Care Centre,,,D831CA14FC980C8F,20121122110138,,103.742136901715,1.34263000877356
,,460534,Blk 534 Bedok North Street 3 #01-81406 Singapore,,,http://www.thkms.org.sg,0,0,Thye Hua Kwan Moral Society (THKMS) Moral Student Care Centre (Bedok North),,,19424BB28372705C,20121122110138,,103.924895036761,1.33301559414602
,,038988,8 Temasek Boulevard Suntec Tower 3 #08-04 Singapore,,,http://www.chcsa.org.sg,0,0,City Harvest Community Services Association RAYZ Me Up Program,,,ED13FDCC510A9C6A,20121219111642,,103.859567408506,1.29524469663896
,,091017,Blk 17A Telok Blangah Crescent #01-270 Singapore,,,http://www.downsyndrome-singapore.org,0,0,Down Syndrome Association,,,62488B6EFC4BEB0D,20121219111642,,103.821485560516,1.27714571666025
,,546190,29 Rosyth Road Singapore,,,http://www.minds.org.sg/IEDC,0,0,Movement for the Intellectually Disabled of Singapore (MINDS) Idea Employment Development Centre,,,A75298C0276CD4F5,20121219111644,,103.877757654517,1.36277822036695
,,397998,227 Mountbatten Road Singapore,,,http://www.ssd.edu.sg,0,0,Singapore School for the Deaf,,,CBECC49AD9F249DE,20121219111649,,103.879886320646,1.30762025848808
,,458686,1 Elliott Road Singapore,,,http://www.sach.org.sg,0,0,St Andrew's Autism School St Andrew's Autism Centre,,,430A9605781D3A0C,20121219111651,,103.930120930206,1.31120591944818
,,530627,Blk 627 Hougang Avenue 8 #01-130 Singapore,,,http://www.metta.org.sg,0,0,Metta Welfare Association Metta Day Activity Centre for the Intellectually Disabled,,,8846634F3DD5C9CB,20121122110133,,103.881883114324,1.36922941895959
,,397998,227 Mountbatten Road Singapore,,,http://www.sadeaf.org.sg,0,0,The Singapore Association for the Deaf SADeaf - Community Integration Support,,,CBECC49ABD7B6FC6,20121219111651,,103.879886320646,1.30762025848808
,,547532,11 Lorong Napiri ACCESS Building Singapore,,,http://www.awwa.org.sg,0,0,Asian Women's Welfare Association (AWWA) AWWA School,,,0845E2121EB95D31,20121122110133,,103.878744070732,1.37273748346619
,,556057,202 Serangoon Garden Way Singapore,,,http://www.cslmch.org.sg,0,0,Chen Su Lan Methodist Children's Home,,,226E3618B1FD9828,20121122110133,,103.86196652182,1.36844772249524
,,547533,7 Lorong Napiri Singapore,,,http://www.minds.org.sg,0,0,Movement for the Intellectually Disabled of Singapore (MINDS) MINDSville@Napiri - Children's Wing,,,5B0A4326394493D9,20121122110133,,103.878470820482,1.37201049307311
,,159052,No. 8 Lengkok Bahru #04-01 Family Link @ Lengkok Bahru Singapore,,,http://www.redcross.org.sg,0,0,Singapore Red Cross Society Red Cross Home for the Disabled,,,E34D6163A5961112,20121122110133,,103.811251369424,1.2864500139675
,,547531,9 Lorong Napiri Singapore,,,http://www.awwa.org.sg,0,0,Asian Women's Welfare Association (AWWA) AWWA TEACHME Services,,,0845E21246D82BAD,20121122110133,,103.878744070732,1.37273748346619
,,547532,11 Lorong Napiri Singapore,,,http://www.awwa.org.sg,0,0,Asian Women's Welfare Association (AWWA) AWWA Early Years Centre,,,0845E21231CE6590,20121122110133,,103.878744070732,1.37273748346619
,,120374,Blk 374 Clementi Avenue 4 #01-182 Singapore,,,http://www.autism.org.sg,0,0,Autism Association Singapore (AAS) Eden Children's Centre (Clementi),,,9C7FD0871F498E0F,20121122110133,,103.766982695558,1.31912691481594
,,520148,Blk 148 Simei Street 1 #01-121 Singapore,,,http://www.autism.org.sg,0,0,Autism Association Singapore (AAS) Eden Children's Centre (Simei),,,20360BAD03729445,20121122110133,,103.95593858677,1.34628745819335
,,397998,227 Mountbatten Road Singapore,,,http://www.sadeaf.org.sg,0,0,The Singapore Association for the Deaf SADeaf - Community Integration Support,,,CBECC49ABD7B6FC6,20121219111651,,103.879886320646,1.30762025848808
,,600101,Blk 101 Jurong East Street 13 #01-188 Singapore,,,http://www.fycs.org,0,0,Fei Yue Community Services (FYCS) Fei Yue Early Intervention Programme for Infants and Children Centre,,,CB0F11AF7116585A,20121122110133,,103.73877846939,1.33698520839022
,,820194,Blk 194 Punggol Road #01-01 Singapore,,,http://www.metta.org.sg,0,0,Metta Welfare Association (Preschool@punggol),,,AE31D582C23802F5,20121122110134,,103.906465581861,1.40225005438711
,,458686,1 Elliot Road Singapore,,,http://www.saac.org.sg,0,0,St Andrew's Adult Services St Andrew's Autism Centre,,,430A9605FD92481C,20121219111651,,103.930120930206,1.31120591944818
,,529950,32 Simei Street 1 Metta Building Level 1 Singapore,,,http://www.metta.org.sg,0,0,Metta Welfare Association (Preschool@simei),,,80B81FD0EB80426B,20121122110134,,103.957512092028,1.34722546134429
,,149306,501 Margaret Drive Singapore,,,http://www.rainbowcentre.org.sg,0,0,Rainbow Centre Rainbow Centre Early Intervention Programme - Margaret Drvie (RC EIPMD),,,C0C3C5FDB0BEF2E3,20121122110134,,103.809086200936,1.29728287886412
,,768548,15 Yishun Street 61 Singapore,,,http://www.rainbowcentre.org.sg,0,0,Rainbow Centre Yishun Park School Rainbow Centre Early Intervention Centre - Yishun Park (RC EIPYP),,,6677B7FAB5C6CC4D,20121122110134,,103.837187828062,1.42001143852334
,,600337,Blk 337 Jurong East Ave 1 #01-1562 Singapore,,,http://www.spd.org.sg,0,0,Society for the Physically Disabled (Jurong) SPD Building Bridges EIPIC Centre,,,36F51BC6B558C5C6,20121122110134,,103.731894092373,1.34973787449592
,,168955,2 Peng Nguan Street SPD Ability Centre Singapore,,,http://www.spd.org.sg,0,0,Society for the Physically Disabled (Peng Nguan Street) SPD Building Bridges EIPIC Centre,,,10CD98489D44DF2C,20121122110134,,103.831105756194,1.28197433392447
,,400352,Blk 352 Ubi Avenue 1 #01-989 Singapore,,,http://www.touch.org.sg,0,0,TOUCH Community Services TOUCH Centre for Independent Living,,,364E0D0F490C89FC,20121122110128,,103.899688309236,1.3252831829299
,,547533,7 Lorong Napiri Singapore,,,http://www.minds.org.sg/MVHG/index.html,0,0,Movement for the Intellectually Disabled of Singapore (MINDS) MINDSVille@Napiri - Hostel/Group Home,,,5B0A43263840B266,20121122110128,,103.878470820482,1.37201049307311
,,400301,Blk 301 Ubi Avenue 1 #01-295 Singapore,,,http://www.touch.org.sg,0,0,TOUCH Community Services TOUCH Ubi Hostel,,,26F6B6DADB23797C,20121122110128,,103.901952095228,1.33066595657109
,,369977,8 Burn Road Unit 08-16 Trivex Singapore,,,http://www.able-sg.org,0,0,Abilities Beyond Limitations And Expectations Limited (ABLE),,,B2B7840AFF7DACDA,20121122110128,,103.885492215858,1.33587643485883
,,469030,2 Chai Chee Lane Singapore,,,http://www.thkmc.org.sg,0,0,Thye Hua Kwan Moral Charities (THKMC) THK Home for Disabled Adults @ Chai Chee,,,A7015B48050EA6A5,20121122110131,,103.919250449568,1.32797226455993
,,469028,Blk 512 Chai Chee Lane #01-09 Bedok Industrial Estate Singapore,,,http://www.bizlink.org.sg,0,0,Bizlink Centre Singapore Ltd,,,90B37B78BDF21E31,20121122110131,,103.917619194101,1.32993829903548
,,149310,800 Margaret Drive Singapore,,,http://www.minds.org.sg/SMEDC,0,0,Movement for the Intellectually Disabled of Singapore (MINDS) SIA-MINDS Employment Development Centre,,,5F022BE4A7CD006E,20121122110131,,103.813287620119,1.29465118090888
,,737883,30 Woodlands Ring Road #01-02 Singapore,,,http://www.minds.org.sg/WEDC,0,0,Movement for the Intellectually Disabled of Singapore (MINDS) Woodlands Employment Development Centre,,,7E123C58C9C6C3AA,20121122110131,,103.797859129407,1.43708420985345
,,579837,9 Bishan Place #06-01 Junction 8 Singapore,,,http://www.mdas.org.sg,0,0,Muscular Dystrophy Association (Singapore),,,3EF20E941F439B46,20121122110132,,103.84876080886,1.35048197875026
,,519529,65 Pasir Ris Drive 1 Cerebral Palsy Centre Singapore,,,http://www.spastic.org.sg,0,0,Spastic Children’s Association of Singapore Goodwill Rehabilitation & Occupational Workshop (GROW),,,26ACBB4242B8ADE2,20121122110132,,103.939412836889,1.37514156954505
,,400003,Blk 3 Eunos Crescent #01-2577 Singapore,,,http://www.thkmc.org.sg,0,0,Thye Hua Kwan Moral Charities (THKMC) THK Pan-Disability Centre @ Eunos,,,D13DF6AF93DF08C9,20121122110132,,103.90322848783,1.32067391353827
,,369977,8 Burn Road Unit 08-16 Trivex Singapore,,,http://www.able-sg.org,0,0,Abilities Beyond Limitations And Expectations Limited (ABLE),,,B2B7840AFF7DACDA,20121122110132,,103.885492215858,1.33587643485883
,,469028,Blk 512 Chai Chee Lane #01-09 Bedok Industrial Estate Singapore,,,http://www.bizlink.org.sg,0,0,Bizlink Centre Singapore Limited Vocational Assessment Division,,,90B37B78149B3761,20121122110132,,103.917619194101,1.32993829903548
,,327725,16 Whampoa Drive Singapore,,,http://www.hwa.org.sg,0,0,Handicaps Welfare Association (Head Office),,,0893EE8A4172BAA2,20121122110132,,103.853915231198,1.32218289081372
,,648886,1Jurong West Central 2 #04-03 Jurong Point Shopping Centre Singapore,,,http://www.hwa.org.sg,0,0,Handicaps Welfare Association (Jurong Branch),,,92BA1ED477D89238,20121122110132,,103.706685012672,1.33945200425206
,,529950,16 Whampoa Drive Singapore,,,http://www.happyarts.com.sg,0,0,Happy Arts Enterprise Ltd,,,80B81FD026DEDA74,20121122110132,,103.957512092028,1.34722546134429
,,579837,9 Bishan Place #06-01 Junction 8 Singapore,,,http://www.mdas.org.sg,0,0,Muscular Dystrophy Association (Singapore),,,3EF20E941F439B46,20121122110132,,103.84876080886,1.35048197875026
,,438235,29 Jalan Tembusu Singapore,,,http://www.apsn.org.sg,0,0,Association For Persons With Special Needs (APSN) Centre for Adults,,,511106CEBB17C253,20121122110128,,103.897936084833,1.30500452286773
,,469028,Blk 512 Chai Chee Lane #01-09 Bedok Industrial Estate Singapore,,,http://www.bizlink.org.sg,0,0,Bizlink Centre Singapore Limited Employment Placement Division,,,90B37B78F08C692B,20121122110128,,103.917619194101,1.32993829903548
,,327725,16 Whampoa Drive Singapore,,,http://www.hwa.org.sg,0,0,Handicaps Welfare Association (Head Office),,,0893EE8A4172BAA2,20121122110129,,103.853915231198,1.32218289081372
,,648886,1Jurong West Central 2 #04-03 Jurong Point Shopping Centre Singapore,,,http://www.hwa.org.sg,0,0,Handicaps Welfare Association (Jurong Branch),,,92BA1ED477D89238,20121122110129,,103.706685012672,1.33945200425206
,,149310,800 Margaret Drive Singapore,,,http://www.minds.org.sg,0,0,Movement for the Intellectually Disabled of Singapore (MINDS) Job Placement and Job Support Programme,,,5F022BE4F92C2528,20121122110129,,103.813287620119,1.29465118090888
,,168955,2 Peng Nguan Street SPD Ability Centre Singapore,,,http://www.spd.org.sg,0,0,Society for the Physically Disabled (Peng Nguan Street) Employment Support Programme,,,10CD98485148832A,20121122110129,,103.831105756194,1.28197433392447
,,460133,Block 133 Bedok North Ave 3 #01-138 Singapore,,,http://www.vsa.org.sg,0,0,Very Special Arts Singapore Ltd,,,ABF6587320766715,20121122110129,,103.935739668635,1.32754842669157
,,469028,Blk 512 Chai Chee Lane #01-09 Bedok Industrial Park Estate,,,http://www.bizlink.org.sg,0,0,Bizlink Centre Singapore Ltd Employment Placement Division,,,90B37B78A8C84F06,20121122110126,,103.917619194101,1.32993829903548
,,149310,800 Margaret Drive 5/F SIA-MINDS EDC Building Singapore,,,http://www.minds.org.sg,0,0,Movement for the Intellectually Disabled of Singapore (MINDS) MINDS Community Group Home,,,5F022BE4C7A3E439,20121122110126,,103.813287620119,1.29465118090888
,,149306,501 Margaret Drive Singapore,,,http://www.rainbowcentre.org.sg,0,0,Rainbow Centre Rainbow Centre Training & Consultancy,,,C0C3C5FD3D9F448B,20121122110126,,103.809086200936,1.29728287886412
,,168955,2 Peng Nguan Street SPD Ability Centre Singapore,,,http://www.spd.org.sg,0,0,Society for the Physically Disabled (Peng Nguan Street) SPD IT Apprenticeship Programme,,,10CD984854B49DC5,20121122110126,,103.831105756194,1.28197433392447
,,168955,2 Peng Nguan Street SPD Ability Centre Singapore,,,http://www.spd.org.sg,0,0,Society for the Physically Disabled (Peng Nguan Street) SPD Specialised Assitive Technology Centre,,,10CD98481FE4CE47,20121122110126,,103.831105756194,1.28197433392447
,,168955,2 Peng Nguan Street SPD Ability Centre Singapore,,,http://www.spd.org.sg,0,0,Society for the Physically Disabled (Peng Nguan Street) SPD Therapy Hub,,,10CD9848B8D67A8A,20121122110126,,103.831105756194,1.28197433392447
,,140150,150A Mei Chin Road #02-01 Singapore,,,http://www.thkmsc.org.sg,0,0,Thye Hua Kwan Moral Charities (THKMC) Moral Therapy Hub,,,57735BD1B4F76A37,20121122110126,,103.803820595583,1.29536889835833
,,519529,65 Pasir Ris Drive 1 Cerebral Palsy Centre Singapore,,,http://www.spastic.org.sg,0,0,Spastic Children's Association of Singapore SCAS Seating Project,,,26ACBB42AC0CD78B,20121122110126,,103.939412836889,1.37514156954505
,,519529,65 Pasir Ris Drive 1 Cerebral Palsy Centre Singapore,,,http://www.spastic.org.sg,0,0,Spastic Children's Association of Singapore SCAS Therapy Rehabilitation,,,26ACBB428F6AA2E0,20121122110126,,103.939412836889,1.37514156954505
,,530426,Blk 426 Hougang Avenue 6 #01-53 Singapore,,,http://www.autism.org.sg,0,0,Autism Association Singapore (AAS) Eden Centre for Adults,,,CCFDCBA275A9916E,20121122110127,,103.893132923039,1.37341334235395
,,579798,6 Bishan Street 13 Singapore,,,http://www.welcome.bishanhome.org.sg,0,0,Bishan Home for the Intellectually Disabled Bishan Home for the Intellectually Disabled - Day Activity Centre,,,94C04E8F452D4169,20121122110127,,103.855024628398,1.34759124293191
,,738580,2 Woodlands Street 31 Singapore,,,http://www.metta.org.sg,0,0,Metta Welfare Association Metta Home Day Activity Centre,,,78EF64075B1DA9EB,20121122110127,,103.775665594615,1.42937863318425
,,560134,Blk 134 Ang Mo Kio Avenue 3 Street 12 #01-1677 Singapore,,,http://www.minds.org.sg/ATDC/index.html,0,0,Movement for the Intellectually Disabled of Singapore (MINDS) Ang Mo Kio Training & Development Centre,,,D11907A2F9289EA3,20121122110127,,103.842247620437,1.37204104908773
,,120304,Blk 304 Clementi Avenue 4 #01-487 Singapore,,,http://www.minds.org.sg/CTDC/index.html,0,0,Movement for the Intellectually Disabled of Singapore (MINDS) Clementi Training & Development Centre,,,52784E70BC8DECD6,20121122110127,,103.764858567412,1.32092754693865
,,547533,7 Lorong Napiri Singapore,,,http://www.minds.org.sg/NTDC/index.html,0,0,Movement for the Intellectually Disabled of Singapore (MINDS) Napiri Training & Development Centre,,,5B0A4326F1A15B4D,20121122110127,,103.878470820482,1.37201049307311
,,534194,20 Buangkok View Buangkok Green Medical Park Singapore,,,http://www.sacshcc.org.sg,0,0,Singapore Anglican Community Services Hougang Care Centre,,,2B656C15E6646FF1,20121122110127,,103.883504147053,1.38291629348143
,,556056,159 Serangoon Garden Way Singapore,,,http://www.cheshirehome.org.sg,0,0,Singapore Cheshire Home Singapore Cheshire Home Day Care Centre,,,7B2663F93869CC77,20121122110127,,103.861242810238,1.3658088840667
,,159052,8 Lengkok Bahru #04-01 Family Link @ Lengkok Bahru Singapore,,,http://www.redcross.org.sg,0,0,Singapore Red Cross Society Red Cross Home for the Disabled - Day Activity Centre,,,E34D616309D9E657,20121122110127,,103.811251369424,1.2864500139675
,,168955,2 Peng Nguan Street SPD Ability Centre Singapore,,,http://www.spd.org.sg,0,0,Society for the Physically Disabled (Peng Nguan Street) SPD Day Activity Centre,,,10CD98482608CC32,20121122110127,,103.831105756194,1.28197433392447
,,519529,65 Pasir Ris Drive 1 Cerebral Palsy Centre Singapore,,,http://www.spastic.org.sg,0,0,Spastic Children's Association of Singapore SCAS Day Activity Centre,,,26ACBB42F0A3FC70,20121122110127,,103.939412836889,1.37514156954505
,,460039,Blk 39 Bedok South Road #01-7159 Singapore,,,http://www.sun-dac.com,0,0,SUN-DAC,,,8D5E6797499D8895,20121122110128,,103.939733658347,1.32139680208527
,,680213,Blk 213 Choa Chu Kang Central #01-110 Singapore,,,http://www.sun-dac.com,0,0,SUN-DAC,,,AF07971E7258B72E,20121122110128,,103.74721377172,1.38217285690658
,,469030,2 Chai Chee Lane Singapore,,,http://www.thkmsc.org.sg,0,0,Thye Hua Kwan Moral Charities (THKMC) THK Day Activity Centre @ Chai Chee,,,A7015B4880629B23,20121122110128,,103.919250449568,1.32797226455993
,,519529,65 Pasir Ris Drive 1 Cerebral Palsy Centre Singapore,,,http://www.spastic.org.sg,0,0,Spastic Children's Association of Singapore (SCAS) Early intervention Programme for Infants and Children,,,26ACBB428C366216,20121122110134,,103.939412836889,1.37514156954505
,,730716,Blk 716 Woodlands Drive 70 #01-124 Singapore,,,http://www.thkmc.org.sg,0,0,Thye Hua Kwan Moral Charities (THKMC) THK EIPIC Centre @ Woodlands,,,A818BA7A64695E6A,20121122110134,,103.79978918302,1.44151302074878
,,680606,Blk 606 Choa Chu Kang Street 62 #01-39 Singapore,,,http://www.thkmc.org.sg,0,0,Thye Hua Kwan Moral Charities (THKMC) THK EIPIC Centre @ CCK,,,377FF5F936FED140,20121122110134,,103.743911026355,1.39805874603482
,,680607,Blk 607 Choa Chu Kang Street 62 #01-113 Singapore,,,http://www.thkmc.org.sg,0,0,Thye Hua Kwan Moral Charities (THKMC) THK EIPIC Centre @ Choa Chu Kang (Prep),,,B504F544F7F0B2FE,20121122110134,,103.744193012268,1.39901506097413
,,320014,Blk 14 St George's Road #01-70 Singapore,,,http://www.carecorner.org.sg,0,0,Care Corner Child Development Centre (St George's),,,9FEAB418FFDBDE35,20121122110134,,103.862091727234,1.32369795695468
,,760270,Blk 270 Yishun Street 22 #01-58 Singapore,,,http://www.carecorner.org.sg,0,0,Care Corner Child Development Centre (Yishun),,,EE1977ECD8C1497D,20121122110134,,103.839985899501,1.43741891371838
,,460520,Blk 520 Bedok North Avenue 1 #01-340 Singapore,,,http://www.chkmps.org.sg,0,0,Chee Hoon Kog Moral Promotion Society Child Care Centre,,,C506A13707DD2BF7,20121122110135,,103.928135548893,1.33046830159784
,,680418,Blk 418 Choa Chu Kang Avenue 4 #01-290 Singapore,,,http://www.perdaus.org.sg,0,0,Iyad Child Development Centre (Choa Chu Kang),,,DCE3606AF0183354,20121122110135,,103.741503915971,1.38252493717107
,,600241,Blk 241 Jurong East Street 24 #01-659 Singapore,,,http://www.perdaus.org.sg,0,0,Iyad Child Development Centre (Jurong East),,,D135419622E6EA0B,20121122110135,,103.74296761686,1.34148305384534
,,560442,Blk 442 Ang Mo Kio Avenue 10 Street 43 #01-1205 Singapore,,,http://www.pcs.org.sg,0,0,Presbyterian Community Services (Ang Mo Kio),,,785F8F1E1820FE8A,20121122110135,,103.85523338303,1.36565652698742
,,530127,Blk 127 Hougang Avenue 1 #01-1494 Singapore,,,http://www.pcs.org.sg,0,0,Presbyterian Community Services (Hougang),,,4FE93596F9BB9A63,20121122110135,,103.885671839927,1.3529112909212
,,640452,Blk 452 Jurong West Street 42 #01-170 Singapore,,,http://www.pcs.org.sg,0,0,Presbyterian Community Services (Jurong West),,,25D2D84B75417A88,20121122110135,,103.718510882205,1.35157801355111
,,520432,Blk 432 Tampines Street 41 #01-555 Singapore,,,http://www.pcs.org.sg,0,0,Presbyterian Community Services (Tampines),,,A9324D4044A3CB22,20121122110135,,103.950533986292,1.35888695601359
,,730023,Blk 23 Marsiling Drive #01-159 Singapore,,,http://www.pcs.org.sg,0,0,Presbyterian Community Services (Woodlands),,,EE7036DC3CC4B89A,20121122110135,,103.7733004442,1.44154154475566
,,760411,Blk 411 Yishun Ring Road #01-1807 Singapore,,,http://www.pcs.org.sg,0,0,Presbyterian Community Services (Yishun),,,31B0E3AB72253B9C,20121122110135,,103.847404271472,1.42574178896442
,,164018,Blk 18 Jalan Membina #03-01/02 Singapore,,,http://www.thkms.org.sg,0,0,Thye Hua Kwan Moral Society (THKMS) Moral Child Development Centre (Membina),,,36EDC06A52157FC2,20121122110136,,103.826785447839,1.28569743312849
,,120333,Blk 333 Clementi Avenue 2 #01-86 Singapore,,,http://www.touch.org.sg,0,0,TOUCH Community Services TOUCH Child Care,,,F39515C38B3480AD,20121122110136,,103.7674879741,1.31516227940484
,,530606,Blk 606 Hougang Avenue 4 #01-167 Singapore,,,http://www.touch.org.sg,0,0,TOUCH Community Services TOUCH Child Care,,,1A223862FBDC9986,20121122110136,,103.885942272179,1.37067294627198
,,440066,Blk 66 Marine Drive #01-202 Singapore,,,nof.ywca.org.sg,0,0,YWCA Child Development Centre (Marine Drive),,,F789151902BFD241,20121122110136,,103.909735936169,1.30393796121128
,,120510,Blk 510 West Coast Drive #01-315 Singapore,,,nof.ywca.org.sg,0,0,YWCA Child Development Centre (West Coast),,,9378AF34929314FF,20121122110136,,103.760796107484,1.31083087567365
,,460133,Block 133 Bedok North Ave 3 #01-138 Singapore,,,http://www.vsa.org.sg,0,0,Very Special Arts Singapore Ltd,,,ABF6587320766715,20121122110136,,103.935739668635,1.32754842669157
,,397799,230 Stadium Boulevard Singapore,,,http://www.sdsc.org.sg,0,0,Singapore Disability Sports Council,,,0F9C3C0BAD7FE27E,20121122110136,,103.882268866482,1.30426365346041
,,659168,101 Bukit Batok West Avenue 3 Singapore,,,http://www.edenschool.edu.sg,0,0,Autism Association Singapore (AAS) Eden School,,,EE41AEC1DDB0A48A,20121122110136,,103.742956148261,1.35139724767724
,,159924,143 Alexandra Road Singapore,,,http://www.apsn.org.sg,0,0,Association For Persons With Special Needs (APSN) Tanglin School,,,806FE8F0C3CB0058,20121122110136,,103.819794884415,1.29041262367466
,,569767,18 Ang Mo Kio Avenue 9 Singapore,,,http://www.apsn.org.sg,0,0,Association For Persons With Special Needs (APSN) Chaoyang School,,,2AD2CF7BEB533523,20121122110136,,103.84180128321,1.38328187108642
,,467354,900 New Upper Changi Road Singapore,,,http://www.apsn.org.sg,0,0,Association For Persons With Special Needs (APSN) Katong School,,,B958258C0C79555E,20121122110137,,103.94296957809,1.32531122996531
,,649297,6A Jurong West Street 52 Singapore,,,http://www.go.edu.sg,0,0,Grace Orchard School,,,4E5B0A913F58B57C,20121122110137,,103.718205093685,1.3476384960039
,,298106,51 Toa Payoh Rise Singapore,,,http://www.lighthouse.edu.sg,0,0,Lighthouse School,,,72332ABB41DC16FF,20121122110137,,103.8407799689,1.33881426700706
,,529949,30 Simei Street 1 Singapore,,,http://www.mettaschool.edu.sg,0,0,Metta School,,,E5AB1BB8794BF82A,20121122110137,,103.957331746072,1.34691353883681
,,149311,802 Margaret Drive Singapore,,,http://www.minds.org.sg,0,0,Movement for the Intellectually Disabled of Singapore (MINDS) MINDS Lee Kong Chian Gardens School,,,5F022BE469273CF1,20121122110137,,103.813287620119,1.29465118090888
,,417557,1B Lengkong Lima Singapore,,,http://www.minds.org.sg,0,0,Movement for the Intellectually Disabled of Singapore (MINDS) MINDS Towner Gardens School,,,A1ACC7A3794C85BF,20121122110137,,103.913303333317,1.32620176281027
,,737883,30 Woodlands Ring Road #01-01 Singapore,,,http://www.minds.org.sg,0,0,Movement for the Intellectually Disabled of Singapore (MINDS) MINDS Woodlands Gardens School,,,7E123C580E967BF6,20121122110137,,103.797859129407,1.43708420985345
,,797635,7 Fernvale Road Singapore,,,http://www.minds.org.sg,0,0,Movement for the Intellectually Disabled of Singapore (MINDS) MINDS Fernvale Gardens School,,,219D54E8BFF2B28A,20121122110137,,103.875022286623,1.38984421273886
,,149306,501 Margaret Drive Singapore,,,http://www.rainbowcentre.org.sg,0,0,Rainbow Centre Margaret Drive School,,,C0C3C5FD6B490B82,20121122110137,,103.809086200936,1.29728287886412
,,768548,15 Yishun Street 61 Singapore,,,http://www.rainbowcentre.org.sg,0,0,Rainbow Centre Yishun Park School,,,6677B7FA879F2D33,20121122110137,,103.837187828062,1.42001143852334
,,519529,65 Pasir Ris Drive 1 Cerebral Palsy Centre Singapore,,,http://www.spastic.org.sg,0,0,Spastic Children's Association of Singapore School,,,26ACBB428F3ED114,20121122110137,,103.939412836889,1.37514156954505
