Attributes TYPE_CD,type_description,inc_crc,last_updated,longitude,latitude
TSTAND,TAXI STAND,06457BDEFB1C6B7C,2022-01-27 10:59:13,103.781622185881,1.28326100597851
TSTOP,TAXI STOP,68A301080E979FAD,2022-01-27 10:59:13,103.848838548621,1.28264978221586
TSTAND,TAXI STAND,EF8E9296784476A1,2022-01-27 10:59:13,103.844358266003,1.28126053648177
TSTAND,TAXI STAND,05650D8B1D146446,2022-01-27 10:59:13,103.847445944022,1.2814089772597
TSTAND,TAXI STAND,323C310B3BEC5E2D,2022-01-27 10:59:13,103.847510224011,1.31055921839619
TSTAND,TAXI STAND,A19F84DC78C731CB,2022-01-27 10:59:13,103.845270402745,1.28239093786493
TSTAND,TAXI STAND,5C9DCEF0D9F26255,2022-01-27 10:59:13,103.846251189746,1.28247899108389
TSTAND,TAXI STAND,7869DE064EED38CC,2022-01-27 10:59:13,103.84404613573,1.28287237021929
TSTAND,TAXI STAND,3A23D821C88E66BC,2022-01-27 10:59:13,103.848946286661,1.28184782603736
TSTOP,TAXI STOP,FEDBE57D1D9F1B47,2022-01-27 10:59:13,103.848758087933,1.28022560454912
TSTAND,TAXI STAND,D5AA7AA58A4A82A5,2022-01-27 10:59:13,103.893186157677,1.38265239411891
TSTOP,TAXI STOP,974E50308E05BA77,2022-01-27 10:59:13,103.84797316273,1.27893906145534
TSTAND,TAXI STAND,882022F4B2899193,2022-01-27 10:59:13,103.833057754282,1.41709038338499
TSTAND,TAXI STAND,E5C3D8B2DAA2A6BC,2022-01-27 10:59:13,103.84405249233,1.31725441296077
TSTAND,TAXI STAND,7ABEAAEB0FD29EDD,2022-01-27 10:59:13,103.843572413347,1.31962930189784
TSTOP,TAXI STOP,4D48761DE5CD3303,2022-01-27 10:59:13,103.850592325596,1.28020278922369
TSTAND,TAXI STAND,606B0C1BC6725009,2022-01-27 10:59:13,103.872910490325,1.35089274184158
TSTOP,TAXI STOP,15FF11049CA2A023,2022-01-27 10:59:13,103.853796596639,1.28563192735247
TSTAND,TAXI STAND,EE755961A71C43CE,2022-01-27 10:59:13,103.81442508994,1.32146820205188
TSTAND,TAXI STAND,FABB9B69851A6709,2022-01-27 10:59:13,103.901242888591,1.3852932855883
TSTAND,TAXI STAND,E22D261CAD0CC7EF,2022-01-27 10:59:13,103.905037130346,1.30223233401791
TSTAND,TAXI STAND,7E350D70BE6219AC,2022-01-27 10:59:13,103.850347761093,1.29194380536412
TSTOP,TAXI STOP,7257D369DD2B1FFB,2022-01-27 10:59:13,103.851396302644,1.2909808467
TSTAND,TAXI STAND,04A1C25282CF49DE,2022-01-27 10:59:13,103.849474752941,1.29181937230507
TSTAND,TAXI STAND,203CAB131769FE8F,2022-01-27 10:59:13,103.861400814227,1.30331734727618
TSTAND,TAXI STAND,FAC463DDC76762BA,2022-01-27 10:59:13,103.863538432387,1.29980297396355
TSTAND,TAXI STAND,C11D0ADE307D0D77,2022-01-27 10:59:13,103.864948822853,1.30293687855996
TPD,TAXI PICK UP / DROP OFF,6112F4FED04B2249,2022-01-27 10:59:13,103.761843058063,1.37913471839575
,,BCBD5153,2022-01-27 10:59:13,103.636999251412,1.3406935956518
TSTOP,TAXI STOP,AC637AC0E3EDDD4D,2022-01-27 10:59:13,103.856029699599,1.31086669172585
TSTAND,TAXI STAND,2C4657596268E18F,2022-01-27 10:59:13,103.8548866381,1.3110192121364
TSTAND,TAXI STAND,9E9B80E3B4ECC170,2022-01-27 10:59:13,103.85161791907,1.30525214803616
TSTAND,TAXI STAND,366DF1C0ED75A525,2022-01-27 10:59:13,103.837586460315,1.31220051793208
TSTOP,TAXI STOP,5D7BB2BADE08F0EC,2022-01-27 10:59:13,103.844298321595,1.28627251436708
TSTAND,TAXI STAND,D3154E3C75E45BDE,2022-01-27 10:59:13,103.785140391313,1.44792433446141
TSTAND,TAXI STAND,211D3EBB9B27661D,2022-01-27 10:59:13,103.820253815659,1.27621902959481
TSTOP,TAXI STOP,C7F14C6BB64F4E97,2022-01-27 10:59:13,103.961546284477,1.34133988706215
TSTOP,TAXI STOP,D350186D7AC217F8,2022-01-27 10:59:13,103.961342992952,1.34199572678973
TSTAND,TAXI STAND,FC32C9459ED85560,2022-01-27 10:59:13,103.829835434766,1.44317200717883
TSTAND,TAXI STAND,824F19E1DCB228CD,2022-01-27 10:59:13,103.787266235359,1.43720032074241
TSTAND,TAXI STAND,D8CC8158A587B619,2022-01-27 10:59:13,103.788970178919,1.43626064956843
TSTAND,TAXI STAND,F03659FF4E7D1E4F,2022-01-27 10:59:13,103.912393667729,1.32073535729071
TSTOP,TAXI STOP,321DC4E42CCA66BE,2023-01-05 17:35:57,103.887688532211,1.30807516596701
TPD,TAXI PICK UP / DROP OFF,0B3CD59287BA8598,2023-01-05 17:36:11,103.833479165538,1.3636413826083
TPD,TAXI PICK UP / DROP OFF,8CCE6C4FA10ADFD0,2023-01-05 17:36:11,103.832424525511,1.36278285128757
TSTOP,TAXI STOP,6A97912898DDD002,2023-01-05 17:36:11,103.835452119605,1.38564026724232
TSTOP,TAXI STOP,A8C07EC09CE5A2B1,2023-01-05 17:36:11,103.837809298321,1.38476739787306
TSTOP,TAXI STOP,B81521E59131D077,2023-01-05 17:36:11,103.837826775345,1.38318718693962
TSTOP,TAXI STOP,79E068C5DA445958,2023-01-05 17:36:11,103.8356615285,1.38582984438269
TSTAND,TAXI STAND,9473D47D2CF97D3B,2023-01-05 17:36:11,103.840397792789,1.33814182067498
TSTAND,TAXI STAND,D05A83DA915C844A,2023-01-05 17:36:11,103.839544054799,1.33694752915772
TSTAND,TAXI STAND,147989953A9CEBB5,2023-01-05 17:36:11,103.840667515299,1.33795759992177
TSTAND,TAXI STAND,005B749A5817A4AD,2023-01-05 17:36:11,103.839739577277,1.33721543759957
TSTOP,TAXI STOP,2D692243132EF156,2023-01-05 17:36:11,103.847140441311,1.27474725591612
TSTOP,TAXI STOP,EAFBC3CE5CDE6D53,2023-01-05 17:36:11,103.836921677159,1.37293483544234
TSTOP,TAXI STOP,92FD9737F97B8505,2023-01-05 17:36:11,103.836667062075,1.37138287076267
TSTAND,TAXI STAND,C04C52C72DA3E6EC,2022-01-27 10:59:13,103.952911314758,1.34231032179324
TSTAND,TAXI STAND,7E0B588F6E406BF6,2022-01-27 10:59:13,103.7654787776,1.31411689344519
TSTAND,TAXI STAND,8FE5D431EB68D948,2022-01-27 10:59:13,103.829205482626,1.37191550661135
TSTAND,TAXI STAND,374637C1BA51F130,2022-01-27 10:59:13,103.790504374459,1.40472408630553
TSTAND,TAXI STAND,8939CFC07265450A,2022-01-27 10:59:13,103.801362014352,1.28643009121362
TSTAND,TAXI STAND,6A592B836C98CB97,2022-01-27 10:59:13,103.783722064555,1.29829202037788
TSTAND,TAXI STAND,416D12E8531AE4EA,2022-01-27 10:59:13,103.7980070453,1.30240889887249
TSTAND,TAXI STAND,DDD7AA797E447007,2022-01-27 10:59:13,103.706918281167,1.33895293770439
TSTAND,TAXI STAND,310A0818A0080133,2022-01-27 10:59:13,103.803513206656,1.28819850596633
TPD,TAXI PICK UP / DROP OFF,B0979136778DE6DB,2022-01-27 10:59:13,103.849255177791,1.29883906775576
TSTAND,TAXI STAND,4FFF1CC55E55DE28,2022-01-27 10:59:13,103.825125337478,1.29334803946478
TSTAND,TAXI STAND,B396072B2352E140,2022-01-27 10:59:13,103.948703239185,1.37239405548841
TSTAND,TAXI STAND,A3D628311835C9DA,2022-01-27 10:59:13,103.897691045985,1.31767351149501
TSTAND,TAXI STAND,3410B60DFA8FFE40,2022-01-27 10:59:13,103.986870368519,1.38969082814645
TSTAND,TAXI STAND,DB63D323A36C341C,2022-01-27 10:59:13,103.889218870875,1.30860413733095
TSTAND,TAXI STAND,F7FB2CA7C8AF4353,2022-01-27 10:59:13,103.946055161466,1.3267115064145
TSTAND,TAXI STAND,20A16385E7ECA095,2022-01-27 10:59:13,103.849689599214,1.3005592978855
TSTAND,TAXI STAND,E06D30ABBA6D9E8A,2022-01-27 10:59:13,103.874142348734,1.34945201218483
TSTAND,TAXI STAND,D1DD0F46BCFE4110,2022-01-27 10:59:13,103.849587840571,1.30543468547573
TSTAND,TAXI STAND,873C888E532653E1,2022-01-27 10:59:13,103.845233591368,1.3005423815208
TSTAND,TAXI STAND,1E7A0CB4B8F50C94,2022-01-27 10:59:13,103.847482779794,1.29916957666779
TSTAND,TAXI STAND,238FE9DDCE1B3B85,2022-01-27 10:59:13,103.844897556949,1.29815276734969
TSTAND,TAXI STAND,4DD00B19491CC140,2022-01-27 10:59:13,103.843952897275,1.29701855154767
TSTAND,TAXI STAND,DC04A85330C1D8E6,2022-01-27 10:59:13,103.850958035402,1.30294684116502
TSTAND,TAXI STAND,C014C100AD13D5B1,2022-01-27 10:59:13,103.852669234486,1.29999408760401
TSTAND,TAXI STAND,E6AA07D81C875AA4,2022-01-27 10:59:13,103.85040522423,1.29618030461839
TSTOP,TAXI STOP,695279672A8F7620,2022-01-27 10:59:13,103.849155884287,1.29770899404959
TSTOP,TAXI STOP,5B692582270F96DB,2022-01-27 10:59:13,103.84931927401,1.29746231938147
TPD,TAXI PICK UP / DROP OFF,869A7A3C5C527E12,2022-01-27 10:59:13,103.852593234695,1.295723358519
TSTAND,TAXI STAND,A0E030C823E0A9ED,2022-01-27 10:59:13,103.820099996087,1.30730541792613
TSTAND,TAXI STAND,48417877221F8B52,2022-01-27 10:59:13,103.697628395346,1.33775966228173
TSTOP,TAXI STOP,7553BFFF7E5CCA9A,2022-01-27 10:59:13,103.850268644432,1.29843731787623
TSTAND,TAXI STAND,BA3D5F246A1208F0,2022-01-27 10:59:13,103.788253655729,1.30645389955873
TPD,TAXI PICK UP / DROP OFF,65C1484E79E0F893,2022-01-27 10:59:13,103.835903782393,1.3046418198392
TSTAND,TAXI STAND,2AE4860E21B192B5,2022-01-27 10:59:13,103.877026783852,1.30380165282811
TSTAND,TAXI STAND,C663E1591FB3EBCD,2022-01-27 10:59:13,103.902691834627,1.40487799938092
TSTAND,TAXI STAND,E035E3280A696CD7,2022-01-27 10:59:13,103.835487279722,1.30436251712159
TSTOP,TAXI STOP,52605B8853CE3860,2022-01-27 10:59:13,103.837644041473,1.30343433854172
TSTAND,TAXI STAND,B4EF603A8B684EEB,2022-01-27 10:59:13,103.836183171941,1.303792885995
TSTAND,TAXI STAND,1F3D624744093FA9,2022-01-27 10:59:13,103.833800509223,1.30419408730169
TSTAND,TAXI STAND,45C41FADDBCBBFE6,2022-01-27 10:59:13,103.833348355253,1.30740800617176
TPD,TAXI PICK UP / DROP OFF,BABE3BFE550399EA,2022-01-27 10:59:13,103.835594566885,1.30716132428747
TPD,TAXI PICK UP / DROP OFF,86CEFD0DCD03E580,2022-01-27 10:59:13,103.8368234856,1.30157395203367
TSTOP,TAXI STOP,6E2137CF6A4524B0,2022-01-27 10:59:13,103.850407275961,1.29112544885142
TSTOP,TAXI STOP,71BD89F09E29EFEA,2022-01-27 10:59:13,103.852906624501,1.29447576136768
TSTOP,TAXI STOP,D2561199A354B48C,2022-01-27 10:59:13,103.848185471196,1.29435646901008
TSTAND,TAXI STAND,FD4B8073197780F5,2022-01-27 10:59:13,103.841696653926,1.28175441939784
TSTAND,TAXI STAND,4B7BE928139962F1,2022-01-27 10:59:13,103.840639419634,1.28038085239576
TSTAND,TAXI STAND,A9D48C8A780443BD,2022-01-27 10:59:13,103.839130334904,1.28125493764739
TSTAND,TAXI STAND,A2877FE52AAAB88B,2022-01-27 10:59:13,103.841832427076,1.27886665420062
TSTAND,TAXI STAND,9AFE34BF1B0C6507,2022-01-27 10:59:13,103.84090245806,1.28203976981784
TSTOP,TAXI STOP,3B9A758A7E1B1540,2022-01-27 10:59:13,103.844699362115,1.28739548869829
TSTAND,TAXI STAND,8FE22EC458B3A772,2022-01-27 10:59:13,103.841979319312,1.28402050189845
TSTAND,TAXI STAND,060E030D81242029,2022-01-27 10:59:13,103.844821469958,1.28553688808796
TSTOP,TAXI STOP,644441229A5ED4E5,2022-01-27 10:59:13,103.929670667443,1.30549202571486
TSTAND,TAXI STAND,D35D50DA98383CB4,2022-01-27 10:59:13,103.843199238303,1.28540490104916
TSTOP,TAXI STOP,316305BD317F0BB1,2022-01-27 10:59:13,103.990284706852,1.3611460814108
TSTOP,TAXI STOP,145C8288526588C7,2022-01-27 10:59:13,103.988541379069,1.35582439289952
TSTAND,TAXI STAND,3B272F3BCDFA919D,2022-01-27 10:59:13,103.824906137113,1.27413178386168
TSTAND,TAXI STAND,CD6644DD01D0EBDE,2022-01-27 10:59:13,103.785077184935,1.43635042684264
TSTAND,TAXI STAND,0E99ACABD1B278DF,2022-01-27 10:59:13,103.742979275489,1.33229479264521
TSTAND,TAXI STAND,BD32DAC3A4B06C68,2022-01-27 10:59:13,103.894052752271,1.31475239045923
TSTAND,TAXI STAND,6413FBDC835D519A,2022-01-27 10:59:13,103.795443671077,1.31005494993664
TSTAND,TAXI STAND,AF0F2BAC2A4C5054,2022-01-27 10:59:13,103.751503199574,1.35881140853229
TSTAND,TAXI STAND,36969B4466AC5BE9,2022-01-27 10:59:13,103.823159290027,1.26510488264276
TSTAND,TAXI STAND,7CAB79E3EF56F2BE,2022-01-27 10:59:13,103.835789752897,1.31629199015284
TSTAND,TAXI STAND,3D014C0C071BEF22,2022-01-27 10:59:13,103.853220659256,1.31249149822018
TSTAND,TAXI STAND,6559438DE6DD616D,2022-01-27 10:59:13,103.853590891473,1.31262975902036
TSTAND,TAXI STAND,EC13023A71B0930F,2022-01-27 10:59:13,103.895268317679,1.39263254097031
TSTOP,TAXI STOP,9FE56E1414F55D78,2022-01-27 10:59:13,103.856424175899,1.29893243204719
TSTOP,TAXI STOP,2520805F3B28EB9A,2022-01-27 10:59:13,103.846081627544,1.29624001198124
TPD,TAXI PICK UP / DROP OFF,A190CCB235C21638,2022-01-27 10:59:13,103.856686628381,1.29237922984712
TSTAND,TAXI STAND,0C9E9D86BF0A2449,2022-01-27 10:59:13,103.859847473744,1.29153065215653
TSTAND,TAXI STAND,D718217F13A78565,2022-01-27 10:59:13,103.858656268701,1.29534702941043
TSTAND,TAXI STAND,E560E5A744032408,2022-01-27 10:59:13,103.859507617635,1.29498128475113
TSTAND,TAXI STAND,2672EA8173D4D5BF,2022-01-27 10:59:13,103.857872556686,1.29161937311898
TSTAND,TAXI STAND,D3851346C967175B,2022-01-27 10:59:13,103.860595017926,1.29283496426735
TSTAND,TAXI STAND,CF8858433E7678B4,2022-01-27 10:59:13,103.856291387918,1.28982162200966
TSTAND,TAXI STAND,B05B872A0B4784EC,2022-01-27 10:59:13,103.856945313631,1.292803722702
TPD,TAXI PICK UP / DROP OFF,BE48395617E597E6,2022-01-27 10:59:13,103.853718463413,1.29333906334958
TSTAND,TAXI STAND,56B697A4857230F8,2022-01-27 10:59:13,103.849281485147,1.29420695272235
TSTAND,TAXI STAND,6D127919771C3D36,2022-01-27 10:59:13,103.80942338257,1.27348368420322
TSTOP,TAXI STOP,0D8758E67E094D82,2022-01-27 10:59:13,103.985117442636,1.3394746541261
TSTAND,TAXI STAND,3E1D245293FA9906,2022-01-27 10:59:13,103.988343199979,1.31437071758525
TSTOP,TAXI STOP,A14221287959F1F2,2022-01-27 10:59:13,103.85218281989,1.29807284976427
TSTAND,TAXI STAND,67D4B43242DDA1BF,2022-01-27 10:59:13,103.839350784754,1.34941741718287
TPD,TAXI PICK UP / DROP OFF,ECCB743669738218,2022-01-27 10:59:13,103.852736813349,1.29730959605001
TSTAND,TAXI STAND,E9A9289695275718,2022-01-27 10:59:13,103.857019659968,1.29716395029751
TSTAND,TAXI STAND,5C4DD6DEC1DC9834,2022-01-27 10:59:13,103.855413484881,1.29623768830078
TSTAND,TAXI STAND,C6121A19D082C3ED,2022-01-27 10:59:13,103.855608532403,1.30000940849313
TSTAND,TAXI STAND,A3A442344C5C5BD1,2022-01-27 10:59:13,103.924013555763,1.33809963065025
TSTAND,TAXI STAND,C59ECB41066149A6,2022-01-27 10:59:13,103.89292071988,1.37148195585088
TSTAND,TAXI STAND,D3523C17B2AE3D12,2022-01-27 10:59:13,103.895998104194,1.39265834114051
TSTAND,TAXI STAND,EA83FCAF51BFA342,2022-01-27 10:59:13,103.829891106948,1.45894682334924
TSTAND,TAXI STAND,A1F2D1A3AF724023,2022-01-27 10:59:13,103.845772829895,1.29133284406655
TSTOP,TAXI STOP,D60BD6FFA5D2EA97,2022-01-27 10:59:13,103.762255765187,1.4256142747539
TSTAND,TAXI STAND,F0982FBABB70F947,2022-01-27 10:59:13,103.845274573062,1.29170672084554
TSTAND,TAXI STAND,1FCEEA06506C1D82,2022-01-27 10:59:13,103.844051957894,1.28429452560733
TSTAND,TAXI STAND,36C27F1B987D600A,2022-01-27 10:59:13,103.843773679863,1.28597754892974
TSTOP,TAXI STOP,8A86F362D5749049,2022-01-27 10:59:13,103.843273632557,1.28345291322729
TSTOP,TAXI STOP,7A2F38F874307BA6,2022-01-27 10:59:13,103.848140264836,1.28896389371508
TSTAND,TAXI STAND,21A0B66531505217,2022-01-27 10:59:13,103.847481756164,1.28843046058513
TSTAND,TAXI STAND,548323B70DE8110F,2022-01-27 10:59:13,103.842152244687,1.28863630373489
TSTAND,TAXI STAND,8F045DC2EB6F553E,2022-01-27 10:59:13,103.846230414926,1.28880542055789
TSTAND,TAXI STAND,67B0466E588A21A7,2022-01-27 10:59:13,103.844040018805,1.28920456858763
TSTAND,TAXI STAND,1522332F3340FC07,2022-01-27 10:59:13,103.847426787832,1.28677772234607
TSTAND,TAXI STAND,8D70113C54E7A6F4,2022-01-27 10:59:13,103.848893781654,1.28796907519598
TPD,TAXI PICK UP / DROP OFF,6A613EEFBE4D68C7,2022-01-27 10:59:13,103.847616386545,1.28491187998711
TSTAND,TAXI STAND,F892781BC3761C81,2022-01-27 10:59:13,103.848810176693,1.28688656724994
TSTOP,TAXI STOP,3E3FE29F6416AD9E,2022-01-27 10:59:13,103.846673278105,1.28346964197307
TSTOP,TAXI STOP,728566095B4D408A,2022-01-27 10:59:13,103.852107912563,1.28519190631413
TSTAND,TAXI STAND,B83D2BAE2E2055AC,2022-01-27 10:59:13,103.851198093921,1.28823316798585
TSTOP,TAXI STOP,85DEE347813BF812,2022-01-27 10:59:13,103.851238932529,1.28345131770182
TSTOP,TAXI STOP,FC8CF9616FEAA365,2022-01-27 10:59:13,103.852736815557,1.28420476292159
TSTAND,TAXI STAND,06D246B5282367D5,2022-01-27 10:59:13,103.850273494477,1.28441342023434
TSTAND,TAXI STAND,1A10A2B40D97E5E0,2022-01-27 10:59:13,103.826886684134,1.30646919759978
TSTAND,TAXI STAND,3ECAD526A83819D8,2022-01-27 10:59:13,103.852748459367,1.29353055939668
TPD,TAXI PICK UP / DROP OFF,BA2C6A342E273ADC,2022-01-27 10:59:13,103.853766301101,1.29425981936371
TSTAND,TAXI STAND,C3C66A21F42EDB9A,2022-01-27 10:59:13,103.832675520542,1.28473835888998
TSTAND,TAXI STAND,7AEB79C4E4CC599A,2022-01-27 10:59:13,103.945224063456,1.35241407357462
TSTAND,TAXI STAND,873B6D7A5E7FE098,2022-01-27 10:59:13,103.821203457221,1.26587789285152
TSTAND,TAXI STAND,6B1E501EFE42A242,2022-01-27 10:59:13,103.901377015582,1.30384362594495
TSTAND,TAXI STAND,8F78C1F4C66C9D41,2022-01-27 10:59:13,103.807305865126,1.31738436147779
TSTAND,TAXI STAND,7CC0DAE8A157C99B,2022-01-27 10:59:13,103.725202658462,1.35009864037849
TSTOP,TAXI STOP,1845500E7BC3CE14,2022-01-27 10:59:13,103.829093966167,1.30719206830371
TSTOP,TAXI STOP,6E5D2F4688248DD0,2022-01-27 10:59:13,103.949567397024,1.37272868444844
TSTOP,TAXI STOP,B1B9C270E5B1390F,2022-01-27 10:59:13,103.848490884643,1.28593524697418
TPD,TAXI PICK UP / DROP OFF,A8DC7DC02750E814,2022-01-27 10:59:13,103.847482624517,1.27737387712504
TSTOP,TAXI STOP,2400D9A2B26EFEC7,2022-01-27 10:59:13,103.848900805687,1.27743521104211
TSTOP,TAXI STOP,14A3A5C239FF9965,2022-01-27 10:59:13,103.849842876425,1.27905252341681
TSTOP,TAXI STOP,232DCE84E119A2BE,2022-01-27 10:59:13,103.849394649872,1.27962397728558
TSTOP,TAXI STOP,0A800FA0EE283CE0,2022-01-27 10:59:13,103.848501793757,1.27813835898476
TPD,TAXI PICK UP / DROP OFF,EA1E80A577D78C7C,2022-01-27 10:59:13,103.855560059172,1.27664231952415
TSTAND,TAXI STAND,04674A0E56B23DEB,2022-01-27 10:59:13,103.845087402389,1.27836886434698
TSTAND,TAXI STAND,62CE38334E6D3C95,2022-01-27 10:59:13,103.922591200057,1.30820272076017
TSTAND,TAXI STAND,62E7E51E0F3AE4AC,2022-01-27 10:59:13,103.843737072096,1.27787730174042
TSTAND,TAXI STAND,68C8A9E08282347B,2022-01-27 10:59:13,103.895113700469,1.31723437632611
TSTAND,TAXI STAND,1AF87C41E5CF141A,2022-01-27 10:59:13,103.843165312952,1.2778439320358
TSTAND,TAXI STAND,03BF2CF80C2EA7E2,2022-01-27 10:59:13,103.844215379756,1.27875755522218
TSTOP,TAXI STOP,42BF2E935D419E20,2022-01-27 10:59:13,103.796775193221,1.33101885538854
TSTAND,TAXI STAND,DF56FCE5B1FFFBBA,2022-01-27 10:59:13,103.846128971966,1.27570136620303
TPD,TAXI PICK UP / DROP OFF,85DFE4565DC91E6F,2022-01-27 10:59:13,103.844904053855,1.27370385321129
TSTOP,TAXI STOP,996BE469B216ABEA,2022-01-27 10:59:13,103.842683370175,1.27417995437108
TSTOP,TAXI STOP,2317946346B1E787,2022-01-27 10:59:13,103.843317280773,1.2750522409303
TSTAND,TAXI STAND,793060F5DF267694,2022-01-27 10:59:13,103.843801578157,1.27344843092009
TSTAND,TAXI STAND,A6A4E384832F5518,2022-01-27 10:59:13,103.707067939835,1.32098062883138
TSTAND,TAXI STAND,8FA7CA198682891C,2022-01-27 10:59:13,103.827846438218,1.28665079631947
TSTAND,TAXI STAND,7F353D007035D2E1,2022-01-27 10:59:13,103.834085654409,1.27818104747199
TSTAND,TAXI STAND,4A49718784F369AD,2022-01-27 10:59:13,103.787973023751,1.3117799888436
TSTOP,TAXI STOP,EEC6CA9F5B100938,2022-01-27 10:59:13,103.840962756484,1.30258027023782
TSTAND,TAXI STAND,B98962F5ECB427AF,2022-01-27 10:59:13,103.839766932932,1.30116046158167
TSTOP,TAXI STOP,7BE3F97BDF7396F7,2022-01-27 10:59:13,103.864451471935,1.4190073419975
TSTAND,TAXI STAND,1ECB01E3C4F104A9,2022-01-27 10:59:13,103.859779576245,1.2671269569505
TSTOP,TAXI STOP,2EA5618B2EB6F986,2022-01-27 10:59:13,103.849821547974,1.28202698062841
TSTAND,TAXI STAND,71DB95CC928C217E,2022-01-27 10:59:13,103.820604710503,1.2646303319744
TSTAND,TAXI STAND,C0B7BFE56BAF18EC,2022-01-27 10:59:13,103.902206163616,1.40550803585798
TSTAND,TAXI STAND,84573FF24C6CB54A,2022-01-27 10:59:13,103.925469405115,1.33112556885396
TSTAND,TAXI STAND,52A9D5A73E58ACEA,2022-01-27 10:59:13,103.938959189839,1.31217165941739
TSTOP,TAXI STOP,E02C61941021231B,2022-01-27 10:59:13,103.837341398731,1.3137544538491
TSTAND,TAXI STAND,856CCC98E1406453,2022-01-27 10:59:13,103.775722618663,1.34319142376007
TSTAND,TAXI STAND,5D37F5B75990FFD1,2022-01-27 10:59:13,103.869339782227,1.33161461631455
TSTOP,TAXI STOP,A3F58BFA4D1E104E,2022-01-27 10:59:13,103.826285910985,1.31991920805156
TSTAND,TAXI STAND,8539D4B5D776AB4F,2022-01-27 10:59:13,103.775811460387,1.34218373462528
TSTAND,TAXI STAND,040FA3238D8837E7,2022-01-27 10:59:13,103.747523271325,1.39715707525351
TSTAND,TAXI STAND,70D2C6D03FAD64A6,2022-01-27 10:59:13,103.778883288403,1.33864363143302
TSTAND,TAXI STAND,F11DA4DD35FD82FA,2022-01-27 10:59:13,103.824532095636,1.44177413223189
TSTAND,TAXI STAND,06D0DD9CD7181FD1,2022-01-27 10:59:13,103.868937186683,1.33254275148026
TSTAND,TAXI STAND,5F1CBA98BC36AD08,2022-01-27 10:59:13,103.779163280601,1.31140266006157
TSTOP,TAXI STOP,C9512FEE2826E696,2022-01-27 10:59:13,103.761265291287,1.42186288844655
TPD,TAXI PICK UP / DROP OFF,9A08DE7959C63E4D,2022-01-27 10:59:13,103.819213377853,1.27155034304497
TSTAND,TAXI STAND,E9C0450F6E3DCD2A,2022-01-27 10:59:13,103.846320896921,1.32169606603044
TSTOP,TAXI STOP,FD22D27090A932EF,2022-01-27 10:59:13,103.841565863321,1.32512653321468
TSTAND,TAXI STAND,48FC1E2A1C974B73,2022-01-27 10:59:13,103.834414375617,1.30230535925359
TPD,TAXI PICK UP / DROP OFF,BBCE88F4598C804D,2022-01-27 10:59:13,103.835803737454,1.30202307255729
TSTAND,TAXI STAND,F935D36755C8F0F4,2022-01-27 10:59:13,103.832870253097,1.30376588052993
TSTAND,TAXI STAND,ED7460A892F46D18,2022-01-27 10:59:13,103.842393209218,1.29980452486984
TSTAND,TAXI STAND,CB9C1F1FBF50CE9E,2022-01-27 10:59:13,103.806405933658,1.29452122918272
TSTOP,TAXI STOP,4BC3C70533430149,2022-01-27 10:59:13,103.767220478915,1.36254448870908
TSTAND,TAXI STAND,70357F50FD61055C,2022-01-27 10:59:13,103.76415093514,1.3702772275766
TSTOP,TAXI STOP,B773C0310B7D60F1,2022-01-27 10:59:13,103.767620029329,1.3625159082495
TSTAND,TAXI STAND,DC6054CB61571702,2022-01-27 10:59:13,103.942607231199,1.35438636182877
TSTAND,TAXI STAND,B02A30CA00BAE8DC,2022-01-27 10:59:13,103.783071096203,1.3363257356337
TPD,TAXI PICK UP / DROP OFF,D942AFC986DE55CF,2022-01-27 10:59:13,103.961408466802,1.33403408071213
TSTAND,TAXI STAND,98C108FDA69EFBA2,2022-01-27 10:59:13,103.871159863846,1.32146688674613
TSTOP,TAXI STOP,8EC71BB5FB44BACF,2022-01-27 10:59:13,103.783241783936,1.33577311474139
TSTAND,TAXI STAND,536ED7A56BEF534E,2022-01-27 10:59:13,103.933394933667,1.3366099195231
TSTOP,TAXI STOP,4539F99DE488001D,2022-01-27 10:59:13,103.707115643046,1.33833458568329
TSTAND,TAXI STAND,2B688BAC65CDF419,2022-01-27 10:59:13,103.884589589006,1.35991042972577
TSTAND,TAXI STAND,551B8BAE347137D0,2022-01-27 10:59:13,103.933042867296,1.33636113367927
TSTAND,TAXI STAND,4804144711D6BB2A,2022-01-27 10:59:13,103.960921846219,1.33593293506593
TSTOP,TAXI STOP,B027AB43FF000614,2022-01-27 10:59:13,103.945655745158,1.32727592037108
TSTOP,TAXI STOP,BCD4F80DF86B51F9,2022-01-27 10:59:13,103.883868214686,1.32587727914218
TSTOP,TAXI STOP,268403CF215B98AB,2022-01-27 10:59:13,103.883143375657,1.32741225240023
TSTAND,TAXI STAND,78633B4F50E111A0,2022-01-27 10:59:13,103.844195443628,1.29230089342013
TSTAND,TAXI STAND,8EA2E419BA01181F,2022-01-27 10:59:13,103.84432681026,1.29286969854322
TSTOP,TAXI STOP,F42255BBBB0F0CDB,2022-01-27 10:59:13,103.938271913661,1.34578087501225
TSTOP,TAXI STOP,F04234D8005DBA78,2022-01-27 10:59:13,103.939138008856,1.34490972153504
TSTAND,TAXI STAND,EC5F12F40C9F8739,2022-01-27 10:59:13,103.850444549982,1.29913571418736
TSTAND,TAXI STAND,739564F40BD91D17,2022-01-27 10:59:13,103.90912566674,1.33473844441214
TSTAND,TAXI STAND,0BF9C063461B2CA3,2022-01-27 10:59:13,103.908454418857,1.33491645749181
TSTAND,TAXI STAND,080AA6C7119B720E,2022-01-27 10:59:13,103.954490055446,1.35636660561542
TSTAND,TAXI STAND,ECD42C43B11CBAF0,2022-01-27 10:59:13,103.89892862122,1.32989661098026
TSTOP,TAXI STOP,9D5DBBE95452462A,2022-01-27 10:59:13,103.918731162355,1.33444139059481
TSTAND,TAXI STAND,7F8E397CE59047E8,2022-01-27 10:59:13,103.899691132068,1.32998564590387
TSTOP,TAXI STOP,7659CE4014DAFE5B,2022-01-27 10:59:13,103.918178319464,1.33512874423275
TSTAND,TAXI STAND,7DC85B5CC130C1EB,2022-01-27 10:59:13,103.851421594104,1.29278855964427
TSTAND,TAXI STAND,8658A7C734898F71,2022-01-27 10:59:13,103.888471974823,1.32618525555116
TSTAND,TAXI STAND,34357F147A1A441C,2022-01-27 10:59:13,103.801214989495,1.44094718294454
TSTAND,TAXI STAND,1D74C48474493778,2022-01-27 10:59:13,103.884625484714,1.3595594868912
TPD,TAXI PICK UP / DROP OFF,37ED32A81C7E6D18,2022-01-27 10:59:13,103.853055449966,1.30429629052485
TSTAND,TAXI STAND,52F5E194ADADC3F9,2022-01-27 10:59:13,103.8554960651,1.3058672836055
TSTAND,TAXI STAND,FBEB69830ED534C8,2022-01-27 10:59:13,103.856078808529,1.30363755002407
TPD,TAXI PICK UP / DROP OFF,4E7DFF0787FB107D,2022-01-27 10:59:13,103.852606681059,1.30338394828116
TSTOP,TAXI STOP,E3507BDF285A858F,2022-01-27 10:59:13,103.852376724467,1.30150052185317
TSTOP,TAXI STOP,7E079BB19BE5AFBF,2022-01-27 10:59:13,103.818361495969,1.27787431181328
TSTOP,TAXI STOP,0DA8CABBF06C844B,2022-01-27 10:59:13,103.839974802818,1.3026827185905
TSTAND,TAXI STAND,0B65B987488C8F37,2022-01-27 10:59:13,103.84208872513,1.30097614138759
TSTAND,TAXI STAND,0B571948381FBD3F,2022-01-27 10:59:13,103.840410613551,1.30034366741248
TPD,TAXI PICK UP / DROP OFF,B6B9D805E3DC9A44,2022-01-27 10:59:13,103.848910023916,1.28430342834957
TSTAND,TAXI STAND,9CCC52843A56C58C,2022-01-27 10:59:13,103.835133733111,1.42867861744771
TSTAND,TAXI STAND,21713AAE2B0DFEF2,2022-01-27 10:59:13,103.843247969923,1.27587170709407
TSTAND,TAXI STAND,1BE6F6E82A41B189,2022-01-27 10:59:13,103.872137958265,1.30470408487901
TSTAND,TAXI STAND,5E1E290D5BD5BBD1,2022-01-27 10:59:13,103.792973328769,1.31006193531909
TSTAND,TAXI STAND,2445D9CD8915601A,2022-01-27 10:59:13,103.851125150511,1.29998728192602
TSTAND,TAXI STAND,B01CFFC2F04930CA,2022-01-27 10:59:13,103.85217674242,1.28112786641193
TSTAND,TAXI STAND,C579B150451E8B18,2022-01-27 10:59:13,103.843841332235,1.27880263938265
TSTAND,TAXI STAND,E9D35473F133F0EB,2022-01-27 10:59:13,103.769600561365,1.44365217293173
TSTOP,TAXI STOP,D089669E775A77CC,2022-01-27 10:59:13,103.986763221114,1.35508020778941
TSTAND,TAXI STAND,D2C9816764899C8B,2022-01-27 10:59:13,103.844370878134,1.38211437333993
TSTAND,TAXI STAND,FAECFA385A28C1AA,2022-01-27 10:59:13,103.849392502398,1.36992447366399
TSTAND,TAXI STAND,6591CE57C5D07A43,2022-01-27 10:59:13,103.820268581843,1.44938561071657
TSTAND,TAXI STAND,27E2E7EE00264705,2022-01-27 10:59:13,103.849136820651,1.35075162341682
TSTAND,TAXI STAND,04BA80447C8ED3C9,2022-01-27 10:59:13,103.84775624369,1.35149870849508
TSTAND,TAXI STAND,BA5C636D019796BE,2022-01-27 10:59:13,103.848153531701,1.35176533803386
TSTAND,TAXI STAND,4A1EC5CE3D6CC4DD,2022-01-27 10:59:13,103.849731417199,1.33119691015424
TSTAND,TAXI STAND,213EDA6CC5BA36C0,2022-01-27 10:59:13,103.84610027518,1.34106777111923
TSTAND,TAXI STAND,C714D3C83D147976,2022-01-27 10:59:13,103.850370826124,1.33420057982653
TSTAND,TAXI STAND,2B814E32E9967B1E,2022-01-27 10:59:13,103.831082747361,1.35496651507378
TSTAND,TAXI STAND,6F49289914ECAA23,2022-01-27 10:59:13,103.861921757087,1.31978714394211
TSTAND,TAXI STAND,E510164515D69233,2022-01-27 10:59:13,103.790497652012,1.30666833404467
TSTAND,TAXI STAND,922742B71C94FC44,2022-01-27 10:59:13,103.837755355655,1.31192314626682
TSTAND,TAXI STAND,065D957B7EA6AF94,2022-01-27 10:59:13,103.851613311729,1.28182826133367
TSTAND,TAXI STAND,065D957B7EA6AF94,2022-01-27 10:59:13,103.851613311729,1.28182826133367
TSTAND,TAXI STAND,033128ED52C49B6B,2022-01-27 10:59:13,103.720479176463,1.34441576552849
TSTAND,TAXI STAND,FECE6B4754097776,2022-01-27 10:59:13,103.83042696023,1.30514643873235
TSTAND,TAXI STAND,4AD12EECEBE02580,2022-01-27 10:59:13,103.817380531375,1.28904925427084
TSTAND,TAXI STAND,1DC5175050156ABF,2022-01-27 10:59:13,103.870629419326,1.35335622108898
TSTAND,TAXI STAND,881C4D8E0EC9CB41,2022-01-27 10:59:13,103.77373133091,1.43241138578707
TSTAND,TAXI STAND,3D15FADA1FEA95B9,2022-01-27 10:59:13,103.891820938731,1.31825639687407
TSTAND,TAXI STAND,AB9A31D90DC50B77,2022-01-27 10:59:13,103.874315177827,1.35066018376601
TSTAND,TAXI STAND,9B6F42A6A1AEB064,2022-01-27 10:59:13,103.892923925385,1.38249429175582
TSTAND,TAXI STAND,D596134D298AFA8C,2022-01-27 10:59:13,103.929506582839,1.32363861484218
TSTAND,TAXI STAND,989104E302C551EE,2022-01-27 10:59:13,103.880657258506,1.34225424539401
TSTAND,TAXI STAND,716C859F7A17C331,2022-01-27 10:59:13,103.864617044012,1.35151215229893
TSTOP,TAXI STOP,FFCB719D0B73A0EB,2022-01-27 10:59:13,103.852908885849,1.2833770452756
TSTAND,TAXI STAND,E42BA945FA06A618,2022-01-27 10:59:13,103.88731684334,1.3191604981358
TSTAND,TAXI STAND,14D82B3A426813FE,2022-01-27 10:59:13,103.785951954299,1.31775098987658
TSTOP,TAXI STOP,0F3BFB961330514F,2022-01-27 10:59:13,103.855461790878,1.29844318933313
TSTAND,TAXI STAND,F1A8ECD948B8BCBC,2022-01-27 10:59:13,103.883156178421,1.31601299967301
TSTAND,TAXI STAND,EF40A9C3D146296F,2022-01-27 10:59:13,103.706623602519,1.33829836757444
TSTAND,TAXI STAND,6915184315471123,2022-01-27 10:59:13,103.839239004231,1.30037806524621
TSTAND,TAXI STAND,B152548AE2264A50,2022-01-27 10:59:13,103.837126452337,1.31449612819799
TSTAND,TAXI STAND,43CC9036B279B5FC,2022-01-27 10:59:13,103.929377846592,1.32415807622387
TSTAND,TAXI STAND,EE4B98BB9AC19D68,2022-01-27 10:59:13,103.824155331325,1.30521700381329
TSTAND,TAXI STAND,B6E00BBBD3FFD02E,2022-01-27 10:59:13,103.822639559037,1.29991929589645
TSTAND,TAXI STAND,D45F274684802B55,2022-01-27 10:59:13,103.816878439298,1.282856249083
TSTAND,TAXI STAND,210C59147C8D004D,2022-01-27 10:59:13,103.805363122582,1.29524408830951
TSTAND,TAXI STAND,B01407ADF3E922D1,2022-01-27 10:59:13,103.798993840223,1.30211711844658
TSTAND,TAXI STAND,E53147F471520DC1,2022-01-27 10:59:13,103.834748899465,1.28886465003388
TSTAND,TAXI STAND,66F0B8035106F26F,2022-01-27 10:59:13,103.931488895642,1.32447984053558
TSTAND,TAXI STAND,716A5443C8B6B1BE,2022-01-27 10:59:13,103.740593012241,1.33354842326857
TSTAND,TAXI STAND,93E720F2BD57E24C,2022-01-27 10:59:13,103.870521086067,1.33902458306161
TSTAND,TAXI STAND,A352C2B6485874EC,2022-01-27 10:59:13,103.836761578936,1.4293660975914
TSTAND,TAXI STAND,9E80CA0E5C64E2B0,2022-01-27 10:59:13,103.847000196515,1.33364584660587
TSTAND,TAXI STAND,8DC4225AD2E4AD72,2022-01-27 10:59:13,103.678472210935,1.32758319627902
TSTAND,TAXI STAND,5A88C05B676C4AC8,2022-01-27 10:59:13,103.875811555285,1.30134680245416
TSTAND,TAXI STAND,E7EFEE736FD905BE,2022-01-27 10:59:13,103.77793219539,1.31156070225984
TSTAND,TAXI STAND,2A292B650D57E0EE,2022-01-27 10:59:13,103.895228197093,1.39070376691505
TSTOP,TAXI STOP,275294904BD52D99,2022-01-27 10:59:13,103.819102634039,1.44804822164583
TSTAND,TAXI STAND,B9D33E73DD88FF6F,2022-01-27 10:59:13,103.894308563129,1.3147168028812
TSTAND,TAXI STAND,E64EF1AB960A4C7A,2022-01-27 10:59:13,103.732579544855,1.34259903482045
TSTAND,TAXI STAND,E3465E8E47D04A8C,2022-01-27 10:59:13,103.781287790482,1.28369091597144
TSTAND,TAXI STAND,15AB7667BA7440E6,2022-01-27 10:59:13,103.84495582249,1.29072615479928
TSTAND,TAXI STAND,3C871020DA4D7790,2022-01-27 10:59:13,103.678450120285,1.33075230014608
TSTAND,TAXI STAND,7A2AE5EAC3A4EB39,2022-01-27 10:59:13,103.914855128194,1.30517006500811
TSTAND,TAXI STAND,C25805360A8AC484,2022-01-27 10:59:13,103.862152902721,1.27066006450767
TSTAND,TAXI STAND,293364B35D5E9E43,2022-01-27 10:59:13,103.877124164346,1.35463854360466
TPD,TAXI PICK UP / DROP OFF,4DD0F38DBD4F920E,2022-01-27 10:59:13,103.844988124271,1.29114378129411
TSTAND,TAXI STAND,08E83BFCA273A5CE,2022-01-27 10:59:13,103.893078707349,1.3189451396236
TSTAND,TAXI STAND,C319BE156989339D,2022-01-27 10:59:13,103.744186663677,1.3316916020521
TSTOP,TAXI STOP,B35A102B2359068B,2022-01-27 10:59:13,103.875431710681,1.30097479307904
TSTAND,TAXI STAND,202DAA60A381FF96,2022-01-27 10:59:13,103.808098764719,1.32618483976156
TSTAND,TAXI STAND,F82CC88042694BEA,2022-01-27 10:59:13,103.807529832576,1.3257437056455
TSTOP,TAXI STOP,93305B89929D70AA,2022-01-27 10:59:13,103.815804563041,1.32264353984183
TSTAND,TAXI STAND,7E690CF482AB3987,2022-01-27 10:59:13,103.660256028515,1.31891371616426
TSTAND,TAXI STAND,A875D62C874F8A3D,2022-01-27 10:59:13,103.639824808572,1.32952499115473
TSTAND,TAXI STAND,B66FF2A3AD851793,2022-01-27 10:59:13,103.659505011104,1.31896032216418
,,9958A413,2022-01-27 10:59:13,103.637429638873,1.34128500347683
TSTAND,TAXI STAND,32B8796B9D0004A9,2022-01-27 10:59:13,103.639633915874,1.33028770466021
TSTAND,TAXI STAND,EE0992B874D167D0,2022-01-27 10:59:13,103.649544169131,1.32096297458598
TSTAND,TAXI STAND,DB6C662A992461D5,2022-01-27 10:59:13,103.849816838643,1.30664533441932
TSTAND,TAXI STAND,708E80F730941291,2022-01-27 10:59:13,103.761364920656,1.3788173898747
TSTOP,TAXI STOP,D3A3BFFDC2779028,2022-01-27 10:59:13,103.853166143996,1.30341510379673
TSTAND,TAXI STAND,87A450C8F7C6D949,2022-01-27 10:59:13,103.908976676243,1.30488198924939
TSTAND,TAXI STAND,0E9BDA9962C2D2AC,2022-01-27 10:59:13,103.863376565375,1.31833670050725
TSTAND,TAXI STAND,C14361C6D513D1A6,2022-01-27 10:59:13,103.884954963275,1.38331579745101
TSTAND,TAXI STAND,BFD60A7442EC7218,2022-01-27 10:59:13,103.862869642754,1.30789598475934
TSTOP,TAXI STOP,874FA65E466B6E34,2022-01-27 10:59:13,103.862618682147,1.3067473125999
TSTAND,TAXI STAND,D3829BDF4A055C13,2022-01-27 10:59:13,103.854955983139,1.3227475083688
TSTAND,TAXI STAND,675BBCFE8D12FEEA,2022-01-27 10:59:13,103.850801267947,1.32469192335401
