Attributes LANDYADDRESSPOINT,LANDXADDRESSPOINT,postal_code,ADDRESSBUILDINGNAME,website,PHOTOURL,ADDRESSUNITNUMBER,ADDRESSFLOORNUMBER,street_address,block_no,details,INC_CRC,last_updated,gym_name,full_address,longitude,latitude
0,0,,,,,,,Tras Street,50,Operating Hours: 7.00am - 10.00am,0E28997B4498C8C3,2016-01-27 09:58:40,The Pit,50 Tras Street,103.844202079592,1.27811388348071
0,0,287992,House J and S,,,,,Turf Club Road,100,"Operating Hours: Monday, Wednesday, Friday: 12.00pm - 9.30pm Tuesday, Thursday: 12.00pm - 10.00pm Saturday: 10.00am - 5.30pm",CAA5268B7BA8784D,2016-01-27 09:58:40,The Stable Mixed Martial Arts,100 Turf Club Road,103.795898242377,1.3342195983767
0,0,579783,,,,,,Bishan St. 4,5,"Facilities: Standard Gymnasium Equipment Operating Hours: 7.00 AM to 10.00 PM (Mon/Wed/Fri), 8.30 AM to 10.00 PM (Tue/Thur), 8.30 AM to 8.00 PM (Sat), (9.00 AM to 8.00 Pm (Sun), 9.00 AM to 5.00 PM (Public Holiday) Tel: 6353 9238",E7A4A38558FA4D85,2016-01-27 09:58:40,Bishan ClubFITT Gym,5 Bishan St. 4,103.850922071159,1.35528262760188
0,0,208568,King George's Building,,,,,King George's Ave,328,,CBB24D03E2FE458E,2016-01-27 09:58:40,The Yoga Place,328 King George's Ave,103.862090963732,1.30992191079359
0,0,559022,,,,10,1,Bughley Drive Blk B,45,,51E0C317DBD72838,2016-01-27 09:58:40,Sky Fitness - Serangoon Gardens,45 Bughley Drive Blk B,103.85957105374,1.36000966368369
0,0,555981,,,,,,Serangoon Gardens Way,85A,Operating Hours: Monday - Friday 8.00am - 2.00pm 4.00pm - 9.00pm Saturday 9.00am - 4.00pm Sunday & PH: Closed,72ED7C57972BE722,2016-01-27 09:58:40,Slender Shapes - Serangoon Gardens Way,85A Serangoon Gardens Way,103.864884313373,1.36389982541919
0,0,738597,Woodlands Stadium,,,,,WoodlandsCentre,495,"Facilities: Standard Gymnasium Equipment Operating Hours: 7.00 AM to 10.00 PM (Mon/Wed/Fri), 8.30 AM to 10.00 PM (Tue/Thur), 8.30 AM to 8.00 PM (Sat), (9.00 AM to 8.00 Pm (Sun), 9.00 AM to 5.00 PM (Public Holiday) Tel: 6362 9101",E5E3FFD742FDA4E4,2016-01-27 09:58:40,Woodlands ClubFITT Gym,495 WoodlandsCentre,103.780306573729,1.43489537703518
0,0,569770,,,,,,Ang Mo Kio Ave 9,200,"Facilities: Standard Gymnasium Equipment Operating Hours: 7.00 AM to 10.00 PM (Mon/Wed/Fri), 8.30 AM to 10.00 PM (Tue/Thur), 8.30 AM to 8.00 PM (Sat), (9.00 AM to 8.00 Pm (Sun), 9.00 AM to 5.00 PM (Public Holiday) Tel: 6483 9370",4C197828BD636D1B,2016-01-27 09:58:40,Yio Chu Kang ClubFITT Gym,200 Ang Mo Kio Ave 9,103.845767858372,1.38227243116352
0,0,769130,,,,,,YishunAve 1,101,"Facilities: Standard Gymnasium Equipment Operating Hours: 7.00 AM to 10.00 PM (Mon/Wed/Fri), 8.30 AM to 10.00 PM (Tue/Thur), 8.30 AM to 8.00 PM (Sat), (9.00 AM to 8.00 Pm (Sun), 9.00 AM to 5.00 PM (Public Holiday) Tel: 6851 8604",04252044DEABBBC4,2016-01-27 09:58:40,Yishun ClubFITT Gym,101 YishunAve 1,103.83117739651,1.41201836574556
0,0,238841,Orchard Plaza,,,9,7,Orchard Road,150,,79FB226A0AB7930E,2016-01-27 09:58:40,Zattva Yoga Studio,150 Orchard Road,103.841150152248,1.30125729612721
0,0,,,,,1,8,Raffles Quay,1,"Facilities: Group Exercise studios Kinesis studio, free-weight and strength equipment, cardio equipment Operating Hours: Monday ? Friday : 6.00am ? 10.00pm Saturday : 8.00am ? 5.00pm Sunday and Public Holidays : 10.00am ? 5.00pm Tel: 6327 5550",D1821E116B43B866,2016-01-27 09:58:40,Fitness First - One Raffles Quay,1 Raffles Quay,103.851677105821,1.28089478900143
0,0,238859,,,,13,8,,41282,"Facilities: Cardio equipment, weight machines, free weights, Group Exercise studio , cycling studio, Mind & Body studio Operating Hours: Monday ? Saturday : 6.30am ? 10.30pm Sunday and Public Holidays : 8.00am ? 10.00pm Tel: 6737 7889",8DB4EB06CC571742,2016-01-27 09:58:40,Fitness First - Paragon,41282,103.835240311923,1.30372322367268
0,0,237994,Great World City Mall,,,14,3,Kim Seng Promenade,1,Operating Hours: Mon ? Fri: 6am ? 10pm Sat ? Sun: 7am ? 9pm Public Holiday: 8am ? 8pm Tel: 6235 9622,4E6DAE68287521DF,2017-09-21 14:48:15,True Fitness - Great World City,1 Kim Seng Promenade,103.831757911005,1.29380236091495
0,0,188024,,,,,4,Victoria Street,230,Facilities: - Group X Studio - Indoor Cycling Studio - Cardio Machines - Resistance Machines - Free Weights - Xpress Zone - Kick Fit Area - Steam & Sauna Operating Hours: Monday to Saturday: 6:00 am - 12:00 midnight Sunday and Public Holidays*: 8:00 am - 10:00 pm. Tel: 6337 257,DF55DA5797DF3D77,2017-09-21 14:48:15,California Fitness - Bugis,230 Victoria Street,103.855786976518,1.30014248326867
0,0,569933,,,,36,B1,Ang Mo Kio Ave 3,53,"Facilities: Mind and Body studio, Group Exercise studio, cardio equipment (including treadmills, bikes, steppers and the revolutionary Technogym CardioWave?), weight machines and free weights. Operating Hours: Monday ? Friday : 6.00am ? 10.00pm Saturday, Sunday and Public Holi",48276C872F56DADC,2017-09-21 14:48:15,Fitness First - AMK Hub,53 Ang Mo Kio Ave 3,103.848399235571,1.36924890739398
0,0,307683,,,,,,Velocity @ Novena,3,Facilities: - Group X Studio - Indoor Cycling Studio - Cardio Machines - Resistance Machines - Free Weights - Xpress Zone - Kick Fit Area - Steam & Sauna - Internet Kiosks Operating Hours: Monday to Friday: 6:00 am - 12:00 midnight Saturday: 6:00 am to 10:00 pm Sunday and Publ,2CB5FB93CDC8D55D,2017-09-21 14:48:15,California Fitness - Velocity@Novena Square,3 Velocity @ Novena,103.843656771807,1.32021101601674
0,0,117439,,,,29,7,Pasir Panjang Road,20,"Facilities: 44m heated pool, Group Exercise studio, outdoor TRX? Suspension Training? area, boxing area, cardiovascular equipment (treadmills, rowers etc), a free weights area, resistance machines and a functional training area. Operating Hours: Monday ? Friday : 6.30am ? 10.00p",F4EFE161320877D9,2017-09-21 14:48:15,Fitness First - Alexandra (Mapletree Business City),20 Pasir Panjang Road,103.799064826968,1.274827493389
0,0,188306,,,,11,3,Selegie Road,1,Operating Hours: Monday-Friday: 6:30am to 10:30pm Saturday-Sunday: 9:00am to 7:00pm Tel: 63370082/ 63370037,FE55DC370B8A0B59,2017-09-21 14:48:15,Evolve MMA - POMO Mall,1 Selegie Road,103.849264282609,1.3001084594134
0,0,,,,,1,9,,,"Facilities: Heated swimming pool, group exercise studio, cycling studio, cardiovascular and resistance strength training equipment Operating Hours: Monday ? Friday : 6.00am ? 10.00pm Saturday : 7.00am ? 7.00pm Sunday and Public Holidays : Closed Tel: 6536 5595",9E298D73F4034553,2017-09-21 14:48:15,Fitness First - Captial Tower,,103.847522674168,1.27771181456553
0,0,419903,,,,,,A Changi Road,498,,7BDBBA93976A9409,2018-12-12 17:30:18,Yoga Connections,498 A Changi Road,103.914005195669,1.31923098288927
0,0,,,,,,,Raffles Place,14,Facilities: - Energy Studio - Mind Body Studio - Indoor Cycling Studio - Cardio Machines - Resistance Machines - Free Weights - Xpress Zone - Kick Fit Area - Steam & Sauna Operating Hours: Monday to Friday: 6:00 am - 12:00 midnight Saturday: 6:00 am to 10:00 pm Sunday,31D5AE9B685FA3B5,2018-12-12 17:30:18,California Fitness - Raffles,14 Raffles Place,103.850574044319,1.28348363887373
0,0,,Suntec City Mall,,,1,7,Temasek Boulevard,3,Operating Hours: Mon ? Thurs: 6am ? 11pm Fri: 6am ? 10pm Sat: 6am ? 9pm Sun / Public Holiday: 8am ? 8pm Tel: 6820 9000,707D40085D853452,2018-12-12 17:30:18,True Fitness - Suntec City,3 Temasek Boulevard,103.857675501543,1.29487905112126
0,0,418935,Kingston Terrace,,,1,1,Kingston Terrace,14D,Open Daily 9am - 10pm,67FD054BD7FDF7CB,2018-12-12 17:30:18,Union Yoga Ayurveda (Kembangan Branch),14D Kingston Terrace,103.912862460833,1.31988383852338
0,0,599625,Mandarin Park Shop Houses,,,,,51 Chun Tin Road,,Open Daily 9am - 10pm,0621E5B04CE748FD,2018-12-12 17:30:18,Union Yoga Ayurveda (Beauty World Branch),51 Chun Tin Road,103.772716769692,1.34174220136525
0,0,188091,Far East Shopping Centre,,,1,,Orchard Road,575,,193BAB36DB0C0EC5,2018-07-27 12:02:46,Rhythmic Yoga Works,575 Orchard Road,103.856934794867,1.29800183598617
0,0,397628,Kallang wave mall,,,,,1 Stadium place #02-07,,Open Daily 1000-2200 (close on public holiday),9A7626566D5D7F1D,2018-07-27 12:02:46,Neue,1 Stadium place #02-07,103.872750707738,1.30384327849927
0,0,278000,Chip Bee Gardens,,,,,Jalan Rumia,45,,019967C0B5FEC648,2016-01-27 09:58:40,Om Shiva Yoga - Chip Bee,45 Jalan Rumia,103.797538795862,1.31099316329402
0,0,287992,Horse City,,,02B,1,Turf Club Road,100,,CAA5268B7356F9BB,2016-01-27 09:58:40,Om Shiva Yoga - Horse City,100 Turf Club Road,103.795898242377,1.3342195983767
0,0,600134,,,,309,4,Jurong Gateway Road,134,Operating Hours: Monday & Friday: 10.00am - 6.00pm,47C03D160CFA8054,2016-01-27 09:58:40,OMG Yoga,134 Jurong Gateway Road,103.73870827223,1.33386246359672
0,0,307591,,,,10,4,Thomson Road,101,Operating Hours: Monday - Friday: 7.00 am - 10.00 pm Saturday: 7.00 am - 8.00 pm Sunday: 9.00 am - 6.00 pm Public holidays: 10.00 am - 7.00 pm,65E2947EF964CB81,2016-01-27 09:58:40,Philip Wain,101 Thomson Road,103.843463185078,1.31733464253519
0,0,238857,Asia Square Tower 1,,,,6,Marina View,8,"Facilities: Kettlebells, bulgarian bags, medicine balls, 4 x 35m indoor running track, mixed martial arts zone, VO2 testing area, group fitness studios, swimming pool, cardio equipment, resistance equipment, free weights Operating Hours: Monday - Saturday 6am - 12 midnight Sun",8CA6543133538778,2016-05-04 10:59:33,Pure Fitness - Knightsbridge (Asia Square),8 Marina View,103.836202014579,1.30310526758961
0,0,,,,,0,5,North Canal Road,39,,1B056E088123BADB,2016-05-04 10:59:33,Krav Maga Singapore,39 North Canal Road,103.84702569567,1.28712786568231
0,0,529508,,,,1,4,Tampines Central,1,"Facilities: Cardio equipment (steppers, bikes, treadmills, rowers etc), Technogym resistance machines, free-weights, Group Exercise studio, Mind and Body studio and cycling studio Operating Hours: Mon to Fri: 6.00am -10.00pm Sat : 7.00am - 7.00pm Sun & PH : 8.00am ? 6.00pm T",0E5BDF23B9B550FF,2016-05-04 10:59:33,Fitness First - Tampines,1 Tampines Central,103.943586936734,1.35308485692255
0,0,229572,,,,6,1,Claymore Hill,8,,CC585D492FF046BB,2016-05-04 10:59:33,iPilates,8 Claymore Hill,103.83203806691,1.30763492632515
0,0,238873,,,,,,Ngee Ann City,8,Facilities: - Energy Studio - Mind Body Studio - Indoor Cycling Studio - Cardio Machines - Resistance Machines - Free Weights - Xpress Zone - Kick Fit Area - Internet Kiosks Operating Hours: Monday to Saturday: 6:00 am - 12:00 midnight Sunday and Public Holidays*: 8:00 am to 10,80D12C5172266541,2016-05-04 10:59:33,California Fitness - Orchard- Ngee Ann City,8 Ngee Ann City,103.83467613466,1.30242417909429
0,0,,,,,26,B1,Cross Street,18,Operating Hours: Mon ? Thurs: 6am ? 11pm Fri: 6am ? 10pm Sat: 6am ? 9pm Sun / Public Holiday: 8am ? 8pm Tel: 6438 3833,E95592F9A510E94C,2016-05-04 10:59:33,True Fitness - China Square Central,18 Cross Street,103.846878913529,1.28351522358922
0,0,238881,,,,3,5,Orchard Road,541,,5DDCD3528F520732,2016-05-04 10:59:33,Sky Pilates,541 Orchard Road,103.830722583997,1.30508723301058
0,0,415979,Eunos Techpark,,,6,1,Kaki Bukit Place,60,Operating Hours: Monday - Friday: 8.00am - 2.00pm 3.00pm - 9.00pm Saturday: 9.00am - 4.00pm Sunday & PH: Closed,740A9C40632BFA6A,2016-05-04 10:59:33,Slender Shapes - Eunos,60 Kaki Bukit Place,103.904054104624,1.33407188854164
0,0,238884,,,,4,5,Orchard Road,583,Operating Hours: Mon ? Thu: 9 am to 9 pm Fri: 9 am to 7 pm Sat: 9 am to 5 pm Sundays and Public Holidays: by appointments only,1CBCEAA8DCE05C7D,2016-01-27 09:58:40,Core Fitness Physiotherapy & Pilates Centre - Forum The Shopping Mall,583 Orchard Road,103.828509016301,1.30619579913532
0,0,338988,,,,5,1,Kampong Bugis,11,,DBC99240555E4035,2016-01-27 09:58:40,CrossFit Fire City,11 Kampong Bugis,103.866029977781,1.30851817439858
0,0,408830,,,,13,2,Ubi Avenue 4,81,,032A31735DABE181,2016-01-27 09:58:40,CrossFit Singapore,81 Ubi Avenue 4,103.89176817408,1.33354943541229
0,0,160140,,,,1,13,Marine Parade Central,1,,D51E49EA5998835F,2016-01-27 09:58:40,Curves - Marine Parade,1 Marine Parade Central,103.829524333744,1.2781561439556
0,0,247918,,,,8,3,Tanglin Road,,,39F348823D05A7E7,2016-01-27 09:58:40,Elements Pilates,Tanglin Road,103.825078878265,1.30527220041532
0,0,,,,,1,1,China Street,26,Operating Hours: Monday-Friday: 6:30am to 10:30pm Saturday-Sunday: 9:00am to 7:00pm Tel: 65364525/ 65364830,2B065B4D81010FCA,2016-01-27 09:58:40,Evolve MMA - Far East Square,26 China Street,103.84782090171,1.28305772642104
0,0,,,,,38,2,Raffles Boulevard,9,"Facilities: Multi-purpose studio, cycling studio, free weights, resistance machines, cardio machines Operating Hours: Monday ? Friday : 6.00am ? 10.00pm Saturday : 9.00am ? 9.00pm Sunday and Public Holidays : 10.00am ? 8.00pm Tel: 6339 7555",F4DDE37F537AD715,2016-01-27 09:58:40,Fitness First - Millenia Walk,9 Raffles Boulevard,103.859343974188,1.29296504773614
0,0,,,,,1,5,,,"Facilities: Heated swimming pool, cardio equipment, strength equipment, free weights area, stretch area, Group Exercise studio Operating Hours: Monday ? Friday : 6.00am ? 11.00pm Saturday : 7.00am ? 7.00pm Sunday and Public Holidays : 10.00am ? 6.00pm Tel: 6538 7666",3BDFD9B0E01F133D,2016-01-27 09:58:40,Fitness First - One George Street,,103.847771918338,1.28554561731843
0,0,530205,,,,11,3,Hougang Street 21,205,Operating Hours: Monday - Friday: 9.00 AM - 10.00 PM Saturday: 9:00 AM - 7:30 PM Sunday & Public Holiday: 9.00 AM - 7:30 PM,94714536BEEAB243,2017-09-21 14:48:15,Amore Fitness - Heartland Mall,205 Hougang Street 21,103.885079928732,1.35949663830553
0,0,238839,,,,9,4,Orchard Road,68,Operating Hours: Monday - Friday: 9.00 AM - 10.00 PM Saturday: 9.00 AM - 10.00 PM Sunday & Public Holiday: 9.00 AM - 10.00 PM,79227FDEDF3DAB6E,2017-09-21 14:48:15,Amore Fitness - Plaza Singapura,68 Orchard Road,103.845047628503,1.30074756196423
0,0,574408,,,,49,3,Upper Thomson Road,301,Operating Hours: Monday: 9.00 AM - 10.00 PM Saturday: 9.00 AM - 9.00 PM Sunday & Public Holiday: 9.00 AM - 7.30 PM,1A6B6A0AB76D4A9A,2017-09-21 14:48:15,Amore Fitness - Thomson Plaza,301 Upper Thomson Road,103.830919788426,1.35466901882051
0,0,179103,,,,14,2,North Bridge Road,252,,8B7EB611C2BCC165,2017-09-21 14:48:15,Bikram Yoga,252 North Bridge Road,103.853119912535,1.2938935875293
0,0,,,,,13,3,,,,41CC26A587749B62,2017-09-21 14:48:15,Bikram Yoga Harbourfront,,103.818625588159,1.26206336450486
0,0,228149,,,,19,6,Sophia Road,,,C8249F9DE196CF6C,2017-09-21 14:48:15,Brazilian Jiu Jitzu Singapore,Sophia Road,103.84917626624,1.30107054671992
0,0,270036,Buona Vista Community Club,,,1,2,Holland Drive,36,,4631ECA28789B6FA,2016-05-04 10:59:33,Pilates Bodyworks - Holland,36 Holland Drive,103.79254748678,1.30918211194726
0,0,199777,,,,,,B Arab Street,80,Tel: 90098889/ 85715701,20BDFF1E9571FDF8,2017-11-21 14:56:50,Tirisula Yoga,80 B Arab Street,103.859188259636,1.3014790011719
0,0,,Hui Seng Building,,,1,3,Carpenter Street,38,,7F5BF3C2974A506F,2017-11-21 14:56:50,Total Yoga - Clarke Quay,38 Carpenter Street,103.84777293526,1.28790271682791
0,0,,,,,3,16,Marina Boulevard,12,"Facilities: Multi-purpose studio, cycling studio, free weights, resistance machines, cardio machines Operating Hours: Monday ? Friday : 6.00am ? 10.00pm Saturday : 8.00am ? 5.00pm Sunday and Public Holidays : Closed Tel: 6536 2373",8F637F6D9220E08D,2017-11-21 14:56:50,Fitness First - Marina Bay Financial Centre,12 Marina Boulevard,103.854297425627,1.27910567910157
0,0,573972,Midview City,,,138,8,Sin Ming Lane,28,,BAB87D4CFCC68591,2017-11-21 14:56:50,Midview Body & Mind,28 Sin Ming Lane,103.833930717119,1.35821656561939
0,0,,,,,,,Amoy Street Level 1,82,,7ACFBBEA403DC32D,2017-11-21 14:56:50,Pilates Inc - The Moving Body Group - Amoy Street,82 Amoy Street Level 1,103.846733698071,1.28078047914706
0,0,,,,,35B,,35B Boat Quay,,Operating Hours 8am to 9pm,150B4896253E1146,2017-11-21 14:56:50,The Jungle,35B Boat Quay,103.849673970079,1.28625502575823
0,0,307987,Revenue House,,,2,5,55 Newton Road,,Operating Hours 7am to 10pm,B61A5200655F788D,2017-09-21 14:48:15,TMP Fitness - Revenue House,55 Newton Road,103.841975314872,1.31948959451122
0,0,188021,,,,,3,Victoria Street Bugis Junction,200,Operating Hours: Monday - Friday: 9.00 AM - 10.00 PM Saturday: 9.00 AM - 9.00 PM Sunday and Public Holiday: 9.00 AM - 9.00 PM,D641A1261476D87A,2016-01-27 09:58:40,Amore Fitness - Bugis Junction,200 Victoria Street Bugis Junction,103.855327954497,1.29906799078836
0,0,659081,,,,,,Bukit Batok West Ave 5,810,"Facilities: Standard Gymnasium Equipment Operating Hours: 7.00 AM to 10.00 PM (Mon/Wed/Fri), 8.30 AM to 10.00 PM (Tue/Thur), 8.30 AM to 8.00 PM (Sat), (9.00 AM to 8.00 Pm (Sun), 9.00 AM to 5.00 PM (Public Holiday) Tel: 6896 2197",00B7C4A8E6B769F1,2016-01-27 09:58:40,Bukit Gombak ClubFITT Gym,810 Bukit Batok West Ave 5,103.7530237503,1.35790704666032
0,0,689236,,,,,,Choa Chu Kang St 53,1,"Facilities: Standard Gymnasium Equipment Operating Hours: 7.00 AM to 10.00 PM (Mon/Wed/Fri), 8.30 AM to 10.00 PM (Tue/Thur), 8.30 AM to 8.00 PM (Sat), (9.00 AM to 8.00 Pm (Sun), 9.00 AM to 5.00 PM (Public Holiday) Tel: 6767 1739",657E21243B67D8C2,2016-01-27 09:58:40,Choa Chu Kang ClubFITT Gym,1 Choa Chu Kang St 53,103.747920712445,1.39066617204386
0,0,129907,,,,,,Clementi Ave 3,518,"Facilities: Standard Gymnasium Equipment Operating Hours: 7.00 AM to 10.00 PM (Mon/Wed/Fri), 8.30 AM to 10.00 PM (Tue/Thur), 8.30 AM to 8.00 PM (Sat), (9.00 AM to 8.00 Pm (Sun), 9.00 AM to 5.00 PM (Public Holiday) Tel: 68729180/1",0ECC239A9E5BE231,2016-01-27 09:58:40,Clementi ClubFITT Gym,518 Clementi Ave 3,103.764861415667,1.31101498462879
0,0,538832,,,,,,Hougang Ave 4,93,"Facilities: Standard Gymnasium Equipment Operating Hours: 7.00 AM to 10.00 PM (Mon/Wed/Fri), 8.30 AM to 10.00 PM (Tue/Thur), 8.30 AM to 8.00 PM (Sat), (9.00 AM to 8.00 Pm (Sun), 9.00 AM to 5.00 PM (Public Holiday) Tel: 6315 8674",4799581394079A15,2016-01-27 09:58:40,Hougang ClubFITT Gym,93 Hougang Ave 4,103.88807173322,1.37057348785749
0,0,609517,,,,,,Jurong East St. 31,21,"Facilities: Standard Gymnasium Equipment and Exercise Equipment Operating Hours: 7.00 AM to 10.00 PM (Mon/Wed/Fri), 8.30 AM to 10.00 PM (Tue/Thur), 8.30 AM to 8.00 PM (Sat), (9.00 AM to 8.00 Pm (Sun), 9.00 AM to 5.00 PM (Public Holiday) Tel: 6896 3569",36E5745AABDF5045,2016-01-27 09:58:40,Jurong East ClubFITT Gym,21 Jurong East St. 31,103.728835249034,1.34621561227092
0,0,648965,,,,,,Jurong West St 93,20,"Facilities: Standard Gymnasium Equipment Operating Hours: 7.00 AM to 10.00 PM (Mon/Wed/Fri), 8.30 AM to 10.00 PM (Tue/Thur), 8.30 AM to 8.00 PM (Sat), (9.00 AM to 8.00 Pm (Sun), 9.00 AM to 5.00 PM (Public Holiday) Tel: 6515 5256",E4C452427E90B81F,2016-01-27 09:58:40,Jurong West ClubFITT Gym,20 Jurong West St 93,103.69376890219,1.33841806492775
0,0,519640,,,,,,Pasir Ris Central,120,"Facilities: Standard Gymnasium Equipment Operating Hours: 7.00 AM to 10.00 PM (Mon/Wed/Fri), 8.30 AM to 10.00 PM (Tue/Thur), 8.30 AM to 8.00 PM (Sat), (9.00 AM to 8.00 Pm (Sun), 9.00 AM to 5.00 PM (Public Holiday)",75B56EEB2293FAB1,2016-01-27 09:58:40,Pasir Ris ClubFITT Gym,120 Pasir Ris Central,103.95182250042,1.37444845586245
0,0,,,,,28,1,Havelock Road 2HR,2,"Operating Hours: Monday ? Friday : 7.00am ? 10.00pm Saturday, Sunday and Public Holidays : 8.00am ? 8.00pm Tel: 6536 5580",D9C883412EA536DC,2018-07-04 15:23:48,Physical ABuse,2 Havelock Road 2HR,103.844901339347,1.28672853496612
0,0,227977,,,,9,1,Winstedt Road,10,,AB171A85B419B656,2018-07-04 15:23:48,Central Pilates,10 Winstedt Road,103.841910545157,1.30992450385743
0,0,609930,,,,5,1,International Business Park,2,Operating Hours: Monday - Friday: 7.30am - 9.00pm Saturday: 7.30am - 3.00pm,5ADE95E16F4DE7AF,2018-07-04 15:23:48,Gold's Gym - IBP Jurong East,2 International Business Park,103.746960566285,1.3296904778472
0,0,,,,,,,Orchard Road,3,"Facilities: Cycling and group fitness studios, cardio machines, resistance machines, free weights Operating Hours: Monday - Saturday 6am - 12 midnight Sunday & Public holidays 8am - 10pm Tel: 6100 3813",788B7E5BA692EB6D,2018-07-04 15:23:48,Pure Fitness - Knightsbridge,3 Orchard Road,103.851103466005,1.27900797406852
0,0,449874,Big Splash,,,05A,2,East Coast Parkway,902 B,Operating Hours: Monday - Thursday: 8:30am - 9:30pm Friday: 8:30am - 8:00pm Saturday - Sunday: 7:30am - 5:30pm,3DBE70577DEED93A,2018-07-04 15:23:48,Updog Studio,902 B East Coast Parkway,103.899774980097,1.29747626957084
0,0,307506,,,,33,9,Sinaran Drive,10,,3FF83B00B3889020,2018-07-04 15:23:48,Breathe Pilates - Novena,10 Sinaran Drive,103.843892126913,1.32042967863542
0,0,158790,,,,,,Tiong Bahru Road,900,"Facilities: Standard Gymnasium Equipment Operating Hours: 7.00 AM to 10.00 PM (Mon/Wed/Fri), 8.30 AM to 10.00 PM (Tue/Thur), 8.30 AM to 8.00 PM (Sat), (9.00 AM to 8.00 Pm (Sun), 9.00 AM to 5.00 PM (Public Holiday) Tel: 6471 9030",33FF9E423E3E3908,2018-07-04 15:23:48,Delta ClubFITT Gym,900 Tiong Bahru Road,103.819773109932,1.28907794925009
0,0,,,,,,,3rd Floor 31B Kreta Ayer Road,,Operating hours Mon - Fri 0615 - 2200 Weekend 0800 - 2100,DD0CFDD91DBB75CF,2018-07-04 15:23:48,Yogapoint Singapore,3rd Floor 31B Kreta Ayer Road,103.842160502746,1.28065569131695
0,0,730900,,,,11,6,South Woodlands Drive,900,Operating Hours: Monday-Friday: 9.00 AM - 10.00 PM Saturday: 9.00 AM - 7.30 PM Sunday & Public Holiday: 9.00 AM - 6.00 PM,6E838EA7DB6D86F9,2016-01-27 09:58:40,Amore Fitness - Woodlands Civic Centre,900 South Woodlands Drive,103.78661961568,1.43507789397688
0,0,368150,,,,,,A MacPherson Road,439,,954EBECDBB1C33F2,2016-01-27 09:58:40,Ananda Marga Yoga Society of Singapore - MacPherson,439 A MacPherson Road,103.881024688613,1.33201025602617
0,0,119964,,,,03A,1,Alexandra Road,991,Operating Hours 7am to 9pm including Public Holiday,A9F429BA815FB2AE,2017-11-21 15:06:16,Jal Yoga,991 Alexandra Road,103.802911911187,1.27441958484294
0,0,188440,,,,,,New Bugis St,164A,Operating Hours: Monday - Friday: 7.00 am - 10.00 pm Saturday: 10.00 am - 7.00 pm Sunday: 10.00 am - 4.00 pm Tel: 6221 9663,F4CBBAAE83F1BB8F,2016-05-04 17:01:34,One Wellness Fitness Club,164A New Bugis St,103.855247873282,1.30091799345463
0,0,679910,Senja Cashew CC,,,2,2,Bukit Panjang Road,101,,D961379FBEED3A0A,2016-05-04 17:01:34,The Gym Nation,101 Bukit Panjang Road,103.764659583272,1.38158679370649
0,0,,,,,,,Yan Kit Road,11,,73F9ADF677C46246,2016-01-27 09:58:40,The Yoga Shala,11 Yan Kit Road,103.841918377905,1.27652575407135
0,0,229572,,,,4,,Claymore Hill,8,,CC585D49B7A6AB10,2016-01-27 09:58:40,Total Yoga - Orchard Road,8 Claymore Hill,103.83203806691,1.30763492632515
0,0,,,,,0,7,Raffles Place,30,Operating Hours: Mon ? Thurs: 6am ? 11pm Fri: 6am ? 10pm Sat: 6am ? 8pm Sun / Public Holiday: 8am ? 6pm Tel: 6438 3000,55F348B658CA9A22,2016-01-27 09:58:40,True Fitness - Chevron House,30 Raffles Place,103.851927274914,1.28423792027966
0,0,529652,NTUC Income Tampines Junction,,,1,8,Tampines Avenue 5,300,Operating Hours: Mon ? Thurs: 6am ? 11pm Fri: 6am ? 10pm Sat: 6am ? 9pm Sun / Public Holiday: 8am ? 8pm Tel: 6788 9555,41D9806063028807,2016-01-27 09:58:40,True Fitness - NTUC Income Tampines Junction,300 Tampines Avenue 5,103.93963580414,1.35429510351818
0,0,449269,,,,15,7,Marine Parade Road,80,Operating Hours: Mon ? Fri: 7am ? 10pm Sat / Sun / Public Holiday: 8am ? 9.30pm Tel: 6348 2900,8F1010F8ADCA9342,2016-01-27 09:58:40,True Fitness - Parkway Parade,80 Marine Parade Road,103.905113590458,1.30119131472187
0,0,,VivoCity,,,10,3,Harbourfront Walk,1,Operating Hours: Mon ? Fri: 7am ? 10.30pm Sat - Sun: 7am ? 9pm Public Holiday: 8am ? 8pm Tel: 6278 3000,EBADE26CDF33C220,2016-01-27 09:58:40,True Fitness - VivoCity,1 Harbourfront Walk,103.821808629396,1.26439468181096
0,0,,Ocean Financial Centre,,,,4,Collyer Quay,10,Operating Hours: 7am to 11pm daily,5279FD4AB71A1AD6,2016-01-27 09:58:40,True Yoga - Ocean Financial Centre,10 Collyer Quay,103.851838945741,1.28298072623658
0,0,228210,Pacific Plaza,,,,4,Scotts Road,9,Operating Hours: 7am to 11pm daily,0A374185578ECB2D,2016-01-27 09:58:40,True Yoga - Pacific Plaza,9 Scotts Road,103.832126408154,1.30653722380828
0,0,189688,Bulkhaul House,,,2,2,Beach Rd,67,,E49D75A98E1B1ED4,2016-01-27 09:58:40,Viva Fit Singapore - Beach Road,67 Beach Rd,103.856304899664,1.29695905771991
0,0,,,,,0,3,Malacca Street,20,,146FD2E7D4B5A1AB,2016-01-27 09:58:40,Viva Fit Singapore - Raffles Place,20 Malacca Street,103.850711622748,1.28394229110606
0,0,,,,,24,2,Tanjong Pagar Plaza,1,,4429E461D112F2DF,2016-01-27 09:58:40,Viva Fit Singapore - Tanjong Pagar,1 Tanjong Pagar Plaza,103.842393171371,1.27559619819284
0,0,,,,,12,3,Eu Tong Sen St. The Central,6,,CA6518431554247F,2016-01-27 09:58:40,WabiSabi Holistic Lifestyle,6 Eu Tong Sen St. The Central,103.846556006065,1.28886291929991
0,0,,,,,,,A Neil Road,114,,83CABA853785A748,2016-01-27 09:58:40,Yaatra,114 A Neil Road,103.841769864721,1.27917902296384
0,0,,,,,0,6,Raffles Place,1,"Facilities: Group Exercise studio, free weights area, jacuzzi, swimming pool, cardiovascular and resistance training equipment Operating Hours: Monday ? Friday : 6.00am ? 10.00pm Saturday : 7.00am ? 7.00pm Sunday and Public Holidays : Closed Tel: 6534 4333",D06CEF960BB10419,2016-01-27 09:58:40,Fitness First - One Raffles Place,1 Raffles Place,103.850982351781,1.28433994842242
0,0,544964,,,,,,Anchorvale Road,57,"Facilities: Standard Gymnasium Equipment Operating Hours: 7.00 AM to 10.00 PM (Mon/Wed/Fri), 8.30 AM to 10.00 PM (Tue/Thur), 8.30 AM to 8.00 PM (Sat), (9.00 AM to 8.00 Pm (Sun), 9.00 AM to 5.00 PM (Public Holiday) Tel: 6315 3577",4DBCC23E5FEED82A,2016-01-27 09:58:40,Sengkang ClubFITT Gym,57 Anchorvale Road,103.885784253769,1.39550158789593
0,0,529652,,,,,,Tampines Ave 5,505,"Facilities: Standard Gymnasium Equipment Operating Hours: 7.00 AM to 10.00 PM (Mon/Wed/Fri), 8.30 AM to 10.00 PM (Tue/Thur), 8.30 AM to 8.00 PM (Sat), (9.00 AM to 8.00 Pm (Sun), 9.00 AM to 5.00 PM (Public Holiday). Lady Hours: 2.00 PM to 4.00 PM (Mon) Tel: 6260 1162",41D9806016B6F96F,2016-01-27 09:58:40,Tampines ClubFITT Gym,505 Tampines Ave 5,103.93963580414,1.35429510351818
0,0,319392,,,,,,Toa Payoh Lor 6,301,"Facilities: Standard Gymnasium Equipment Operating Hours: 7.00 AM to 10.00 PM (Mon/Wed/Fri), 8.30 AM to 10.00 PM (Tue/Thur), 8.30 AM to 8.00 PM (Sat), (9.00 AM to 8.00 Pm (Sun), 9.00 AM to 5.00 PM (Public Holiday) Tel: 6256 7153",E68BF3E7C1D30BCF,2016-01-27 09:58:40,Toa Payoh ClubFITT Gym,301 Toa Payoh Lor 6,103.849986788241,1.33060010108942
0,0,138667,,,,4,1,Biopolis Way,11,,4C534929B93B4FD1,2016-01-27 09:58:40,Pilates Body Pilot - Biopolis,11 Biopolis Way,103.791460023589,1.30451127820755
0,0,,,,,1,12,Finlayson Green,1,,270F7A5B7642F5B3,2016-01-27 09:58:40,Pilates Bodyworks - Finlayson Green,1 Finlayson Green,103.851286590696,1.28224086928672
0,0,,,,,,,Telok Blangah Road,434,"Operating Hours: Monday ? Friday: 8.30am ? 9.30pm Saturday: 9am ? 4pm Closed on Sundays, Christmas, New Year and Chinese New Year. We are open on rest of the public holidays.",5AB246115C3F248B,2016-01-27 09:58:40,Pilates Fitness,434 Telok Blangah Road,103.81293029168,1.27029599179716
0,0,269748,,,,6,2,2nd Avenue Junction,733,,B3C3A5372AD5DC1F,2016-01-27 09:58:40,Pilates Flow,733 2nd Avenue Junction,103.799469917652,1.32982544868962
0,0,428766,,,,5,6,East Coast Road,46,,D6386C12A786B0C7,2016-01-27 09:58:40,Pilates Inc - The Moving Body Group - East Coast,46 East Coast Road,103.903338648384,1.30438467004432
0,0,449408,Parkway Centre,,,5,,Marine Parade Central,1,,E63CC7C7DC804474,2016-01-27 09:58:40,Platinum Yoga,1 Marine Parade Central,103.905996039697,1.30188733852456
0,0,569931,Aramsa ~ The Garden Spa,,,,,Bishan Park II,,Operating Hours: Monday to Thursday: 8:30am to 1:30pm & 4:30pm to 9:30pm Friday: 8:30am to 1:30pm Saturday: 8:30am to 5:30pm Sunday: 9.30am to 1.30pm,A96E493522B51019,2016-01-27 09:58:40,PowerMoves Pilates - Bishan Park,Bishan Park II,103.84749323637,1.36254434770061
0,0,249683,,,,,,Dempsey Road,6,Operating Hours: Monday to Thursday: 8:30am to 1:30pm & 4:30pm to 9:30pm Friday: 8:30am to 1:30pm Saturday: 8:30am to 5:30pm Sunday: 9.30am to 1.30pm,CD2E40A13B047C9D,2016-01-27 09:58:40,PowerMoves Pilates - Dempsey Hill,6 Dempsey Road,103.808565893546,1.30484978466339
0,0,,,,,,,30 Raffles Place,4,,55F348B63DA0EC03,2016-01-27 09:58:40,Pure Yoga - Chevron House,4 30 Raffles Place,103.851927274914,1.28423792027966
0,0,238873,Ngee Ann City Tower A,,,,,391A Orchard Road,18,,80D12C516CF43CFE,2016-01-27 09:58:40,Pure Yoga - Ngee Ann City,18 391A Orchard Road,103.83467613466,1.30242417909429
0,0,238843,The Centrepoint,,,6,6,Orchard Road,176,,17CFC6C940B57390,2016-01-27 09:58:40,Real Yoga,176 Orchard Road,103.839758898411,1.30197804716068
0,0,207629,Teck Heng Long Industrial Building,,,3,1,Syed Alwi Road,11,,C1D57D06F78833B4,2016-01-27 09:58:40,Reebok CrossFit Enduro,11 Syed Alwi Road,103.858169031632,1.30681472605594
0,0,368241,Citimac Building,,,11,7,Blk B,605,,31AD9522FBA3F2BE,2016-01-27 09:58:40,Singapore CrossFit Hub,605 Blk B,103.887714301749,1.33378882726631
0,0,,,,,,3,Bukit Pasoh Rd,21B,Tel: 90679100/ 98386704,4E3130390C3D3425,2016-01-27 09:58:40,Sivananda Yoga Vedanta Centre,21B Bukit Pasoh Rd,103.840532034232,1.27901545155803
0,0,,HarbourFront Tower 2,,,1,16,HarbourFront Place,3,,36A4F41E7C420D17,2016-01-27 09:58:40,Sky Fitness - Harbourfront,3 HarbourFront Place,103.818686870632,1.26448635050271
0,0,469645,,,,,,Bedok North St 2,5,"Facilities: Standard Gymnasium Equipment Operating Hours: 7.00 AM to 10.00 PM (Mon/Wed/Fri), 8.30 AM to 10.00 PM (Tue/Thur), 8.30 AM to 8.00 PM (Sat), (9.00 AM to 8.00 Pm (Sun), 9.00 AM to 5.00 PM (Public Holiday) Tel: 6244 5387",75B1D5A52513200F,2016-01-27 09:58:40,Bedok ClubFITT Gym,5 Bedok North St 2,103.938328173262,1.32585712140622
0,0,258373,,,,,,Nassim Road,6,,6A3697AF1FF07C6F,2016-01-27 09:58:40,Spaboutique,6 Nassim Road,103.825932498525,1.30778575196489
0,0,238882,Liat Towers,,,,,Orchard Road,4,Operating Hours: Monday - Friday: 7am - 10pm Saturday: 8am - 10pm Sunday: 8am - 8pm,ECC6FB237686A01D,2016-01-27 09:58:40,The Gym At Orchard,4 Orchard Road,103.829984827987,1.30550611670641
0,0,,,,,1,2,Tras Street,60,,900FFAC2BAC9586E,2016-01-27 09:58:40,The Pilates Place,60 Tras Street,103.844133723257,1.27787296456741
0,0,138632,,,,11,23,Fusionopolis Way,1,"Facilities: Cardio equipment, weight machines, free weights, swimming pool, Group Exercise studio, Mind and Body studio. Operating Hours: Monday ? Friday : 6.00am ? 10.00pm Saturday : 7.00am ? 7.00pm Sunday and Public Holidays : 8.00am ? 6.00pm Tel: 6438 4484",9E0F71EB521A8E23,2017-09-21 14:48:15,Fitness First - Fusionopolis,1 Fusionopolis Way,103.787404060028,1.29929406658312
0,0,208539,,,,1,6,Kitchener Road,180,Operating Hours: Monday-Friday: 8.00 AM - 10.00 PM Saturday: 9.00 AM - 9.30 PM Sunday & Public Holiday: 9.00 AM - 9.00 PM,1D075CE9E2DB70DC,2017-09-21 14:48:15,Amore Fitness - City Square Mall,180 Kitchener Road,103.856487121487,1.31139349438914
0,0,,,,,,,Cantonment Road,51,Working Hours: Monday - Friday 7am - 10pm Saturday 7am - 8pm Sunday 7am - 6pm Tel: 6222 6517,534BEFC669635369,2016-05-04 17:01:34,E's FITNESS PTE. LTD.,51 Cantonment Road,103.840386703019,1.27870948631099
0,0,247974,Spa Boutique,,,,,Nassim Road,6,Tel: 68870760/ 94571096,932A900A6346F19A,2016-01-27 09:58:40,YogaDivas - Nassim Road,6 Nassim Road,103.814556916597,1.29792400181845
0,0,248371,Valley Point,,,1,2,River Valley Rd,491,,ABBD171C5FB606F7,2016-01-27 09:58:40,Absolute Yoga - River Valley,491 River Valley Rd,103.826940812301,1.29301786111442
0,0,269758,Spa Boutique,,,,,Nassim Road,6,,FC71B3A9BE8CC69A,2016-01-27 09:58:40,Yoga On Nassim,6 Nassim Road,103.796264512395,1.3310218845731
0,0,258373,Leonie Hill Condo,,,,,Leonie Hill Road,,,6A3697AFDE3C67E1,2016-01-27 09:58:40,YogaDivas - Leonie Hill,Leonie Hill Road,103.825932498525,1.30778575196489
0,0,247974,Phoenix Park,,,,,Tanglin Road,308,,932A900ADA8D102D,2016-01-27 09:58:40,YogaDivas - Phoenix Park,308 Tanglin Road,103.814556916597,1.29792400181845
0,0,449408,,,,1,7,Marine Parade Central,1,Operating Hours: Mon ? Fri : 9am ? 10pm Sat ? Sun : 9am ? 4pm,E63CC7C7C3C8A2DF,2016-01-27 09:58:40,Ananda Marga Yoga Society of Singapore - Parkway Centre,1 Marine Parade Central,103.905996039697,1.30188733852456
0,0,199551,,,,0,2,Beach Road,287,,0315F25C07EC3F64,2016-01-27 09:58:40,Balancing Rocks Yoga Studio,287 Beach Road,103.860481773329,1.30097708408221
0,0,259760,,,,4,4,Bukit Timah Road,501,,D1ABF0A06FAE584E,2016-01-27 09:58:40,Basic Essence,501 Bukit Timah Road,103.814245545298,1.32257317593847
0,0,287988,,,,1,2,Turf Club Road,2,,FC46CA789110B05E,2016-01-27 09:58:40,Being In Yoga,2 Turf Club Road,103.795941517598,1.33589728896884
0,0,428915,,,,5,2,East Coast Road,217,,B51077E952EEDD45,2016-01-27 09:58:40,Breathe Pilates - East Coast,217 East Coast Road,103.906933727641,1.30759648523611
0,0,588172,Goh & Goh Building,,,,,Upper Bukit Timah Road,110M,Operating Hours: Monday - Friday: 8.00am - 2.00pm 3.00pm - 9.00pm Saturday: 9.00am - 4.00pm Sunday & PH: Closed,395714429B806FF4,2016-01-27 09:58:40,Slender Shapes - Upper Bukit Timah,110M Upper Bukit Timah Road,103.776280180624,1.34094072442015
0,0,,,,,,2,Telok Ayer Street,157A,,D5CF6BE11AFD0623,2016-01-27 09:58:40,Absolute Yoga - Telok Ayer,157A Telok Ayer Street,103.847638181705,1.28041369547153
0,0,,,,,8,,Gemmil Lane,,,E12B723270D39FAE,2016-05-10 15:53:32,Pilatique Pilates Studio,Gemmil Lane,103.846934447584,1.2824640229959
0,0,589820,,,,,,A Binjai Park,5,,2C4C2676E4D02F56,2016-01-27 09:58:40,Canvass Art and Yoga Studio,5 A Binjai Park,103.786616299314,1.33583564516194
0,0,238876,,,,5,6,,,,52C2AA03A80F1CC5,2016-01-27 09:58:40,COMO Shambhala Urban Escape,,103.828468717265,1.30717806036195
0,0,229233,,,,5,4,Handy Road,2,"Facilities: Cardio, strength and stretch areas and a Group Exercise studio Operating Hours: Monday ? Friday : 6.00am ? 10.30pm Saturday: 6.30am ? 10.30pm Sunday and Public Holidays : 8.00am ? 10.00pm Tel: 6732 4111",A83A7EE1E338FE98,2016-01-27 09:58:40,Fitness First - The Cathay,2 Handy Road,103.847789792828,1.29918374721933
0,0,238862,,,,3,8,Orchard Road,302,,48A1BC63BFFBB884,2016-01-27 09:58:40,Focus Pilates - Orchard,302 Orchard Road,103.834826945699,1.30394638048361
0,0,,,,,0,12,Malacca Street,20,,146FD2E76AF1A98C,2016-01-27 09:58:40,Focus Pilates - Raffles Place,20 Malacca Street,103.850711622748,1.28394229110606
0,0,,,,,,,Tras Street,78,Operating Hours: Monday - Friday: 7.30am - 9.30pm Saturday: 8.30am - 1.00pm,3184BE45EA24B962,2016-01-27 09:58:40,Genesis Gym - CBD,78 Tras Street,103.844050900534,1.27742661017112
0,0,398007,,,,20,1,,41306,Operating Hours: Monday - Friday: 7.30am - 9.30pm Saturday: 8.30am - 1.00pm,8ECD88F1C9D9C8FC,2016-01-27 09:58:40,Genesis Gym - Mounbatten,41306,103.881270808537,1.30746518712488
0,0,159837,,,,,,Bukit Merah Central,3500,Operating Hours: Monday - Friday: 7.30am - 9.00pm Saturday: 7.30am - 3.00pm,C34C57B8FCD041D3,2016-01-27 09:58:40,Gold's Gym - Bukit Merah,3500 Bukit Merah Central,103.818078216386,1.28205540617869
0,0,574363,,,,,,A Upper Thomson Road,232,"Operating Hours: Mon - Fri: 12pm to 10pm Sat, Sun & PH: 9am to 7pm",77541E8EC177DEE4,2016-01-27 09:58:40,Green Yoga,232 A Upper Thomson Road,103.835093523472,1.35306949447786
0,0,,,,,1,2,Canton Street,3,Operating Hours: Monday & Friday: 9.30am - 10.00pm Tuesday - Thursday: 7.00am - 10.30pm Saturday & Sunday: 9.30am - 7.00pm,AFFC85770638F52B,2016-01-27 09:58:40,H.om Yoga,3 Canton Street,103.849431927363,1.28621325740623
0,0,,,,,6,3,Shenton Way,3,Operating Hours: Weekdays: 12.15pm - 9.45pm Saturday: 9.30am - 5.30pm Sunday: 11.00am - 5.30pm,A2A479FA606148A4,2016-01-27 09:58:40,Impact Mixed Martial Arts,3 Shenton Way,103.850071543607,1.27851893758259
0,0,,,,,1,1,Robinson Road,146,,AD9F9000BEBC9F24,2016-01-27 09:58:40,Impakt Singapore,146 Robinson Road,103.848096103439,1.27816986401168
0,0,308899,,,,31,2,Goldhill Plaza,1,,3C9373D12BA7E236,2016-01-27 09:58:40,Iyengar Yoga Centre Singapore - Goldhill Centre,1 Goldhill Plaza,103.842889382967,1.31782868295281
0,0,,,,,,,Neil Road,146B,,5EE4FB8BA1708A35,2016-01-27 09:58:40,Iyengar Yoga Centre Singapore - Neil Road Centre,146B Neil Road,103.840648509607,1.27828754868066
0,0,208574,,,,,,King George's Ave,340B,,D84656A0FF0465BC,2016-01-27 09:58:40,Jagsport,340B King George's Ave,103.862434227156,1.31015179809918
0,0,,,,,,,Keong Siak Road,22,,8241A65DAFFC7C4F,2016-01-27 09:58:40,Kapap Singapore,22 Keong Siak Road,103.841668651741,1.28004625410654
0,0,449290,Laguna Park,,,27,1,Marine Parade Road,5000,,099AC91AF17E3FE1,2016-01-27 09:58:40,Kate Porter Yoga,5000 Marine Parade Road,103.931988303014,1.31004098717818
0,0,180010,,,,50,1,Selegie Road,10,,1679DDC29E8498C7,2016-01-27 09:58:40,Oasis Holistic,10 Selegie Road,103.850537243387,1.30370879489711
0,0,189203,,,,,,Haji Lane,10A,,D08D3C89A2C6FE0B,2016-01-27 09:58:40,OhmSantih Yoga,10A Haji Lane,103.859384497354,1.30050427305572
0,0,,,,,,,A Tanjong Pagar Road,86,Operating Hours: Monday - Friday: 7.30am - 9.00pm Saturday: 7.30am - 3.00pm,5DCBB969F19760DA,2016-12-08 08:34:31,Gold's Gym - Tanjong Pagar,86 A Tanjong Pagar Road,103.843683536784,1.27843513234261
0,0,,,,,,,Tanjong Pagar Road,88A,,D2D1FC4B571EA9BE,2016-12-08 08:34:31,Masters' Yoga Sadhan,88A Tanjong Pagar Road,103.843673722806,1.27839696546876
0,0,,,,,1,2,,41276,Operating Hours: Monday - Friday: 7.00am - 9.00pm Saturday: 7.00am - 4.00pm Sunday and Public Holiday: 8.00am - 3.00pm,202E559F0023EC78,2016-12-08 08:34:31,Fitness Factory -,41276,103.849144620549,1.2884814659674
0,0,238882,Far East Shopping Centre,,,10,16,Orchard Road,545,P: +65-97615523 E: info@activered.sg,ECC6FB238AF634C4,2016-12-08 08:34:31,Active Life Center,545 Orchard Road,103.829984827987,1.30550611670641
0,0,648886,,,,,3,Jurong West Central 3,63,Operating Hours: Monday - Friday: 9.00 AM - 10.00 PM Saturday: 9.00 AM - 9.30 PM Sunday & Public Holiday: 9.00 AM - 9.00 PM,CB59096796BD4CB6,2016-01-27 09:58:40,Amore Fitness - Jurong Point 2,63 Jurong West Central 3,103.706460886826,1.33983014805774
0,0,179030,,,,17,2,River Valley Road,177,Operating Hours: Monday - Friday: 10.30 AM - 9.30 PM Saturday: 10.30 AM - 9.00 PM Sunday & Public Holiday: 10.30 AM - 9.00 PM,4441732872B3FC5F,2016-01-27 09:58:40,Amore Fitness - Liang Court,177 River Valley Road,103.844586298874,1.29151478613339
0,0,529536,,,,18,5,Tampines Central 1,10,Operating Hours: Monday-Friday: 8.00 AM - 10.00 PM Saturday: 9.00 AM - 9.30 PM Sunday & Public Holiday: 9.00 AM - 9.00 PM,90D4D9CD3BD92CEA,2016-01-27 09:58:40,Amore Fitness - Tampines 1,10 Tampines Central 1,103.94501945797,1.35431556438278
